{"type":"FeatureCollection","features":[{"type":"Feature","properties":{"name":"Puducherry"},"geometry":{"type":"MultiPolygon","coordinates":[[[[75.53848825643483,11.761364662655966],[75.53116885177178,11.708435936222598],[75.53839850665312,11.760759183461918],[75.53848825643483,11.761364662655966]]],[[[79.79576112682633,11.785499854197658],[79.80699829015762,11.833580813060266],[79.72954809398298,11.837227472863818],[79.71891749469108,11.785708263186757],[79.79238398597414,11.786018008727591],[79.79576112682633,11.785499854197658]]],[[[79.80770216240354,11.836406568099394],[79.8405729999714,11.955828715931101],[79.81254361825425,11.97793458573014],[79.75021249501111,11.919949872265745],[79.74755996041995,12.0078337348639],[79.69159727899185,11.951351023982138],[79.74064997372743,11.905469612213121],[79.67397048079131,11.880662436627203],[79.80684936834814,11.836922445039615],[79.80770216240354,11.836406568099394]],[[79.77875386433787,11.904692896072696],[79.78506296434361,11.862958221660683],[79.77780374321135,11.904806711760003],[79.77875386433787,11.904692896072696]]],[[[79.65359292261319,11.842968712592583],[79.67122518885886,11.814853842946473],[79.65372108255983,11.842768965026362],[79.65359292261319,11.842968712592583]]],[[[79.61843855591502,11.885260934429406],[79.60197174505434,11.857802793463547],[79.65782681819285,11.852701597457623],[79.61841239787226,11.885650730088807],[79.61843855591502,11.885260934429406]]],[[[79.68696048721065,11.967854873498524],[79.65279250303378,11.957802681829747],[79.68640376260153,11.966678237590106],[79.68696048721065,11.967854873498524]]],[[[79.63730376976962,11.980977229746337],[79.62638953640993,12.031895199523003],[79.63209952479986,11.901271158528562],[79.67065166575394,11.931574022811292],[79.63696194732927,11.979449638174774],[79.63730376976962,11.980977229746337]]],[[[79.6964898983896,12.03537025770059],[79.6569393329978,11.991563719272545],[79.71790472775157,11.990409223990074],[79.6972281994671,12.033228020035693],[79.6964898983896,12.03537025770059]]],[[[79.84128673482081,10.828006528052562],[79.85145195918481,10.993988235717227],[79.7471141840366,11.002980986595498],[79.72476320324908,10.929025896149748],[79.82849837413163,10.883846012287604],[79.83879184557884,10.827738941951154],[79.84128673482081,10.828006528052562]]],[[[79.85706671627314,12.006807197772092],[79.84976470029905,12.051816570374996],[79.85685859189317,12.006902368353044],[79.85706671627314,12.006807197772092]]],[[[82.22814236456338,16.760727574880665],[82.19341304203007,16.721649708892418],[82.31038899841658,16.718768658724635],[82.22815496523187,16.760710578266476],[82.22814236456338,16.760727574880665]]]]}},{"type":"Feature","properties":{"name":"Mahārāshtra"},"geometry":{"type":"MultiPolygon","coordinates":[[[[80.27289101775115,18.72299154160009],[80.24524562808875,18.765495609646763],[80.35445031554616,18.826594047428358],[80.27329543030888,18.99295323534256],[80.39385410969524,19.244838857364194],[80.57320714354155,19.40230960554597],[80.61268646354817,19.309359769070593],[80.75704519520858,19.289587242078014],[80.85298729954174,19.363858610091484],[80.81342866638036,19.433603976723365],[80.89835690879893,19.481812703242838],[80.83598233224883,19.56637273477949],[80.66536986928608,19.611741004996794],[80.67640804230723,19.69941191607745],[80.5526368733788,19.765414470714383],[80.54630129912334,19.81829356901666],[80.48058100119648,19.827532760415092],[80.4890497095357,19.77027064787847],[80.40173049319066,19.79614496383642],[80.50584808677112,19.870522083363724],[80.41126256158621,19.93835949957291],[80.52991848972489,19.939336004002286],[80.55682513184709,20.07174874261765],[80.50559332006496,20.144465001120626],[80.4018173944146,20.147268810922395],[80.395273555642,20.244873228846895],[80.62635710279702,20.33250614476202],[80.59148088685015,20.39295428709618],[80.63185840895315,20.598427857325618],[80.52092603662555,20.58050224721059],[80.48102291931566,20.61838586512529],[80.58765447786317,20.684585356049354],[80.54614851006657,20.93474656289091],[80.46364927714197,20.92914763878183],[80.43916211428689,21.096465400979465],[80.4642767898938,21.174935917800774],[80.61380251249088,21.226478218240814],[80.68170114952324,21.313013379037734],[80.52764884495558,21.394774314970448],[80.41230289512687,21.376633782997374],[80.37605292334524,21.523873012702605],[80.20654427427102,21.635634501647278],[79.89121814899089,21.51802797099437],[79.73763943354608,21.603857435728003],[79.54062279842037,21.542679401408243],[79.49617793378127,21.67399874933836],[79.23065783762047,21.722226863983476],[79.22390582416224,21.64862521354716],[78.9141349866003,21.588962691337667],[78.93671033779975,21.48571502628249],[78.72816716953182,21.462183494622888],[78.51184098147262,21.528513709168855],[78.45138120437484,21.49652712165902],[78.42738128233997,21.59907626715544],[78.37265794632225,21.613430889151598],[78.36329234922357,21.574863289158284],[78.18197846828352,21.55663138181001],[78.1763372917427,21.49913486495538],[77.94109557878308,21.38570323394911],[77.80118102842889,21.4095169957238],[77.70988958586497,21.357327707819298],[77.69182975568003,21.397530388881062],[77.5634760100944,21.36906508492703],[77.53205747345653,21.41906710716522],[77.48773873407994,21.37430665429849],[77.42561451889787,21.537783525514637],[77.61177491320367,21.538540759525908],[77.54380608271336,21.70383652711769],[77.47911897672064,21.769965028182533],[77.28979480491734,21.760236371587865],[77.21039535530602,21.68964038300406],[77.07324859069897,21.71942737146451],[76.90193087028814,21.596857492824295],[76.79518548800762,21.593905201940988],[76.7857965257284,21.46502279245195],[76.62149647306319,21.332228399623503],[76.66268375902118,21.275894225216565],[76.62318526088158,21.18491704210026],[76.49307364523558,21.193816542840324],[76.45564880462311,21.107623679915164],[76.27901079667069,21.069906850278162],[76.16645205506393,21.079004385659395],[76.11226670839176,21.15530295597121],[76.17636622096725,21.18395072616421],[76.09562065219089,21.371118382500566],[75.29963807745425,21.38456389772893],[75.12587049136347,21.449208464457175],[75.05165974407088,21.5664957176398],[74.90177538077475,21.62918697379833],[74.78295954173572,21.610634039467737],[74.58211038279084,21.664856539832357],[74.50541575421181,21.726149872798004],[74.5240274670865,21.91157135676866],[74.38664791126007,22.03380925230759],[74.28099466836265,21.93296055507582],[74.12826016896062,21.9497083899808],[73.79565065973497,21.824559993053878],[73.89168055462419,21.691708422256287],[73.88796121044602,21.653151282631512],[73.78018821387096,21.62815462825627],[73.85198430584953,21.497824350614025],[74.15771974317025,21.568696465257762],[74.19533874924147,21.531941740142273],[74.33170849987384,21.54394860161596],[74.25342143048555,21.467576950244634],[74.06309344704782,21.4745703988482],[74.04467272768063,21.4191228221404],[73.93874618134116,21.404840248528117],[73.94198602727857,21.299084561769558],[73.82268567290788,21.2706689064637],[73.81568687517314,21.173883008836935],[73.71877833451123,21.139568259913126],[73.57718896783626,21.170581447363972],[73.61823889509913,21.118272563993077],[73.80758399854682,21.08462894068041],[73.7999488989435,21.03856101620583],[73.90113548199136,20.982149278752022],[73.94158254447711,20.741332310857942],[73.81206128816115,20.6921959878511],[73.8383569555159,20.62054810478451],[73.74465241172338,20.56477050858162],[73.6523895777236,20.564480711486148],[73.44958930762603,20.717550110004144],[73.39203804904275,20.64597471524699],[73.49385174778712,20.538178452172225],[73.3798411310518,20.393403899615986],[73.41679461485494,20.19831337870153],[73.29766856329377,20.20846182270534],[73.17887755458752,20.047146503428984],[73.06429430048615,20.098514077299093],[73.03961630851526,20.06708978826351],[73.01146013947728,20.134606660107472],[72.96148405837634,20.131217141517087],[72.96265793187386,20.209679862574944],[72.8587285290572,20.224503405019195],[72.8244112781178,20.142094214157858],[72.7374841683094,20.134820880059856],[72.7082100683582,20.07170424551248],[72.77515440799624,19.90033904632661],[72.72043506229501,19.96825916253043],[72.66372599315527,19.934216227381594],[72.7294434218631,19.601625299139936],[72.77250501750858,19.63566265343391],[72.78906432789404,19.59722678422171],[72.71610895105819,19.592691532131436],[72.7187314711391,19.53968728987554],[72.77277043733568,19.487553911150066],[72.78164018146552,19.15842940591479],[72.83815066902856,19.048505557744335],[72.79258271175665,18.93957026024274],[72.93371729553927,18.540489636637425],[72.91211784711503,18.36202368327651],[73.02867455167357,18.264258534278635],[73.11300012245285,18.329513587887252],[73.10270726635159,18.265415649785396],[73.05040150427428,18.296964112060916],[73.10516169098156,18.140359490319003],[72.96400044969292,18.280372577876445],[72.93193682386635,18.219723222311266],[72.98360296659675,18.194788100808495],[72.98980339830086,18.05630763041787],[73.14473954539507,17.722113677000948],[73.11476368423885,17.68442066282845],[73.17705617363659,17.58256444369698],[73.13756628584895,17.556463931595047],[73.21164120248072,17.43752526786285],[73.16771630428764,17.40437055993622],[73.24424806561075,17.321617551796567],[73.24939242978199,17.28093475525053],[73.18978663970233,17.298775687107703],[73.28956618702911,17.115258093665865],[73.25564769015949,17.02709796873559],[73.35164907072496,16.622953175394137],[73.31582870744819,16.51285009831966],[73.38560361069872,16.449250703823527],[73.36615303035046,16.396675011575443],[73.49919348080944,16.418159751778646],[73.3667251062695,16.37868590471093],[73.43871807931392,16.371898487923588],[73.38536852338551,16.337115323641086],[73.41018842491677,16.27422150331609],[73.44929643169057,16.308965515936382],[73.41169281286184,16.272680104309757],[73.45720701404885,16.053806191889993],[73.51044575739708,15.937335121082569],[73.62665630424573,15.851733083918656],[73.653877757366,15.743343763827115],[73.78546517117478,15.725457510109079],[73.86291439986385,15.798585907688182],[74.02058199944527,15.606170970707977],[74.11308477435576,15.646045585892717],[74.12223302766472,15.720760050431986],[74.20903439668953,15.78129726657468],[74.24237576192172,15.743228053887709],[74.3584941416222,15.774861756551578],[74.38315140406961,15.849132113321799],[74.33827564992806,15.854945948953327],[74.36868165318839,15.894386389418216],[74.40623653302309,15.855403537443078],[74.38693204119792,15.905007900983756],[74.46329937219649,16.039208649707888],[74.36140634951761,16.053852330916623],[74.4276968665458,16.11198086477634],[74.49130762643642,16.10432119531925],[74.48055739670154,16.250139719976943],[74.32501428132603,16.271769614162658],[74.31727417495418,16.38101560022987],[74.36377531561796,16.405102978722034],[74.29097797759343,16.504912200214886],[74.24745636187745,16.49692331245357],[74.27062780006514,16.547973390966607],[74.3062253721683,16.503703081196292],[74.31579639600615,16.554464211647026],[74.37991433212981,16.528602314958977],[74.46882403724497,16.663811479508198],[74.54456908189,16.63547774531673],[74.56861576482868,16.553878924684625],[74.68705943723538,16.606797823400026],[74.65355656479656,16.638838756198954],[74.6910979645121,16.715549942523104],[74.91951971634371,16.772499550153782],[74.90159212625342,16.862557212080663],[74.9636544636821,16.909717861354604],[74.9317838651488,16.944761217490996],[75.0894080284913,16.951588448467632],[75.21427366074444,16.841707203123164],[75.28210063377668,16.880298112742548],[75.27967408027672,16.956563008271107],[75.46562105912554,16.988371647266792],[75.48914572476443,16.944429972367253],[75.56771912316636,16.96575300868303],[75.57316451278932,17.00961304510774],[75.67038636695767,16.962059357375825],[75.64106500394442,17.037587810788764],[75.67235543722956,17.11600126676585],[75.6254445956259,17.174004921454],[75.65778441567312,17.263211275751605],[75.57421335247741,17.383301038239985],[75.63305039308301,17.477215271676645],[75.79300780640847,17.369699885051137],[75.821507978098,17.42122452888658],[75.8609445167375,17.385597383463313],[75.88425477158607,17.4179616328097],[75.93088413687519,17.32257606986049],[76.11901562625553,17.37050734122461],[76.17637572604127,17.30079147303118],[76.17037609834587,17.352618526420436],[76.24214758457052,17.378840266234825],[76.38321760014541,17.314529891706837],[76.40917836837573,17.371391261964355],[76.33332206828108,17.433903631758852],[76.37557562034533,17.490221865790037],[76.33134774466141,17.5974191763816],[76.48980813353221,17.66049929057734],[76.52333558208055,17.75979622685629],[76.5727922500977,17.760525752866126],[76.58208139876906,17.705681686448163],[76.61538970330383,17.77039541446388],[76.69089645095517,17.68100491411407],[76.71414854707557,17.780938966971505],[76.79045015732795,17.826332607914768],[76.74002992579433,17.89969872048157],[76.80672608607222,17.870573232467258],[76.9190366114879,17.91595136819251],[76.95199218893312,18.188093787156273],[77.11159808699632,18.1558284777961],[77.09765435540956,18.19671808052649],[77.2130680930079,18.280313971317227],[77.24182368268221,18.412599321358357],[77.31994013594687,18.45801896627803],[77.41414725839478,18.393100107710712],[77.36584244347259,18.307118267146933],[77.43771647867509,18.31030735338345],[77.4650882810278,18.262530130476797],[77.57142843597862,18.308825091465824],[77.52237379100059,18.346462106981654],[77.55678802315974,18.41713840122563],[77.52754815620739,18.442105722887067],[77.58532889302322,18.446787600640008],[77.54859521798697,18.46857593885767],[77.60315730281792,18.476842895464664],[77.59640042138915,18.548936219372774],[77.73852919854446,18.55678555697549],[77.75353260260336,18.700988194218812],[77.7873168426605,18.68263678177876],[77.83998238000912,18.80481836672694],[77.94856250478209,18.82983473774414],[77.76202366641672,19.03184711277518],[77.80996087814825,19.104728733670992],[77.85042133631153,19.088552322020508],[77.84774694570952,19.18958980241927],[77.90758862619626,19.26822367103455],[77.86348409548907,19.304190823942523],[77.945146306978,19.342448412850008],[78.0416374912572,19.243425469752474],[78.17534369574963,19.237577799498688],[78.1762120441342,19.412260825484054],[78.3043616475715,19.456136985714377],[78.27433136288211,19.553973618589428],[78.30558703226406,19.607065746735564],[78.26266933864225,19.66506257222558],[78.36469360518414,19.781230751493847],[78.28609454371116,19.84793494536905],[78.3070468925171,19.9142953535282],[78.49025594561881,19.792685352906368],[78.55202364551575,19.82408619564798],[78.84097822095245,19.761895941179823],[78.85193531113772,19.658367321188422],[78.95557251984023,19.655798922139414],[78.94045815048759,19.55187652924345],[79.09804768467416,19.532037229429893],[79.19032447939178,19.458996807751564],[79.24356864676771,19.616700934593812],[79.47143471244263,19.50020733401787],[79.53993624748975,19.554677500674686],[79.59616261589471,19.507294542598792],[79.6294384220775,19.57398864425954],[79.77861325643637,19.599685641478874],[79.97794248837837,19.40038016904249],[79.9459013671463,19.169516223475846],[79.85843685099898,19.102439061927505],[79.87111009977102,19.04104028515431],[79.94026982952846,19.032588139517326],[79.96161194475977,18.866652142803474],[79.92053112802759,18.811108264105734],[80.11812773436536,18.680545488881688],[80.27228901445844,18.723373952189075],[80.27289101775115,18.72299154160009]]],[[[72.96652151674057,20.300533003340476],[72.97855634990817,20.331941987026493],[72.96642116953343,20.30073841644748],[72.96652151674057,20.300533003340476]]]]}},{"type":"Feature","properties":{"name":"Nāgāland"},"geometry":{"type":"Polygon","coordinates":[[[95.23391968067268,26.68245856965871],[95.24248709230208,26.782548249419747],[95.18094699495543,26.856032902945852],[95.23220313581035,26.902831895248898],[95.19296733200927,27.036024743908317],[95.01667161721443,26.92115992762176],[94.88931447068987,26.9289797641812],[94.6922532000743,26.732028237396214],[94.5972669121866,26.734749640504482],[94.59378765983611,26.697292840082604],[94.46019316713743,26.66172797307085],[94.31649403694912,26.458412597230947],[94.28469461373244,26.561167127376326],[94.25624635298823,26.541321533380493],[94.17164264133915,26.42988329650841],[94.17446342948469,26.34055899331899],[94.10496212073036,26.320047164521124],[94.00098547820782,26.172366297419195],[93.9529059472842,26.00306519138244],[93.97859914961217,25.91682877734492],[93.79537854327761,25.809027454947245],[93.76535641439267,25.969850961635473],[93.68143590026322,25.904485757041634],[93.7142274058117,25.84461278135233],[93.32692556771701,25.546587452158306],[93.45809611741988,25.43108452218574],[93.47156149791451,25.271764796769997],[93.6052825740165,25.199066794859565],[93.68657143579186,25.360086585767892],[93.80498854321898,25.463309590692614],[93.76483051996411,25.538363748159732],[93.83440865982807,25.560604251171007],[93.96044452291027,25.550730419054695],[94.01283821298587,25.592601546003877],[94.10807142888054,25.521922869960896],[94.17809904349186,25.550610720842155],[94.21861231181407,25.49158604834132],[94.32158707497832,25.502932421231435],[94.41664959210438,25.536589864218918],[94.57176078401653,25.691797741941613],[94.55339513946112,25.504098158529683],[94.61651057549061,25.462252214601722],[94.78383434482576,25.480643828990615],[94.8982310817247,25.565570273407264],[94.93548290052524,25.666830455681534],[95.0486707610716,25.759796778961043],[95.0115934588796,25.89795309974385],[95.18568340271513,26.073299559295272],[95.11774097820255,26.101248412441766],[95.13219898271312,26.37774158037744],[95.06174618290139,26.44989018213666],[95.2335514944754,26.681741670914203],[95.23391968067268,26.68245856965871]]]}},{"type":"Feature","properties":{"name":"Lakshadweep"},"geometry":{"type":"MultiPolygon","coordinates":[[[[73.0486243303168,8.266237866797967],[73.07842503706058,8.32429621929929],[73.01777379843304,8.275661092958083],[73.04747161214422,8.26521598909544],[73.0486243303168,8.266237866797967]]],[[[72.64562109000093,10.578355563172853],[72.61722303160637,10.542192849615512],[72.64583155449223,10.578319361726326],[72.64562109000093,10.578355563172853]]],[[[72.2061478795921,10.878547262028562],[72.17011145801473,10.818217640168967],[72.20639933510809,10.878293702734222],[72.2061478795921,10.878547262028562]]],[[[73.64790378375848,10.06320492565966],[73.65126279391328,10.101954018604577],[73.64777595439188,10.061993555856091],[73.64790378375848,10.06320492565966]]],[[[72.76186347314325,11.183125945889374],[72.79026931004985,11.260457284932254],[72.76221144814497,11.183532905425626],[72.76186347314325,11.183125945889374]]]]}},{"type":"Feature","properties":{"name":"Uttar Pradesh"},"geometry":{"type":"MultiPolygon","coordinates":[[[[79.39525978620489,25.032085651947433],[79.42591071422916,25.05859109295065],[79.36030437568091,25.144263387207697],[79.37980538205933,25.064794018395393],[79.34919758215185,25.062499972140788],[79.39495751748485,25.03212156448852],[79.39525978620489,25.032085651947433]]],[[[77.57602127409129,30.397443669214223],[77.58573670750096,30.31132912735966],[77.42801648820345,30.162826621966257],[77.42256760323572,30.103460668229566],[77.27776667318174,30.04186207072916],[77.18796830428188,29.911393176380262],[77.17939756439438,29.813104935500643],[77.11980291791582,29.760105476854218],[77.15654885495566,29.69261279253482],[77.08394739817207,29.589072670825722],[77.1268296173233,29.55947905338521],[77.09636351317718,29.519522791519556],[77.15739362436067,29.387355460115874],[77.12328113450879,29.37038784526473],[77.16114708655331,29.332403955419892],[77.1340676103671,29.0951885707347],[77.234345350774,28.91154639370111],[77.189027959686,28.880215190733978],[77.19939122394258,28.798060813237427],[77.33106534314261,28.71313178586936],[77.34240405203359,28.60891377569186],[77.29996047215077,28.55978439327714],[77.47762753978704,28.419069929391533],[77.49268732840133,28.252002028067608],[77.5504251841371,28.2423838474094],[77.49729090766988,28.206043728801756],[77.54963768502643,28.179790096399596],[77.47425340559613,28.087462508119792],[77.53662522162331,27.934178380466957],[77.28292993790659,27.79979062047408],[77.35257474803602,27.65123820097058],[77.31705098421155,27.60675141466631],[77.35820991754252,27.588960946121407],[77.33998487549874,27.526618896803207],[77.4378064099165,27.456318136605006],[77.43952192351287,27.39071483844985],[77.62270291324512,27.33618645775736],[77.59866066798396,27.29720438653222],[77.68112422970692,27.19440391650266],[77.5193392505298,27.06661631843959],[77.76295161442715,27.006844718022776],[77.3978652345813,26.830360633031493],[77.46035503264297,26.74180842029861],[77.50116596222615,26.844448576418735],[77.61033278569435,26.828572762876117],[77.75984705926311,26.932457374929168],[77.89648408294698,26.88399731242614],[77.90635508030937,26.91777900206955],[78.01458171801808,26.902912543082312],[78.02646955266921,26.84953512538121],[78.1185523678793,26.94697568009278],[78.22495978149206,26.946304354633824],[78.27077095133896,26.915102747684948],[78.19681953329584,26.87952576935395],[78.26026163808514,26.813814541846536],[78.36291986997756,26.86882356381064],[78.57624323528202,26.74879711865969],[78.7255724585972,26.795931833084843],[78.95556571420364,26.691782055860596],[78.94549151073748,26.654831692555973],[79.00478765243705,26.673353358464006],[78.98985446609068,26.579002840496305],[79.06812575746928,26.496627393708017],[79.05261460674721,26.453743323931008],[79.13517684481087,26.440137533094095],[79.08424702147445,26.362355841305416],[79.13883375158524,26.337549243244567],[79.11860117520575,26.300371622488946],[79.04564689431453,26.260341424818794],[79.06344347949366,26.225911874763142],[78.98939172681985,26.234983708224423],[79.02653978032359,26.191325645640728],[78.9489057816553,26.128686616948396],[79.01206186285813,26.083190296715255],[78.9482976249029,26.027755324969675],[78.9389600031388,25.942695271920744],[78.75292235643002,25.750938677750003],[78.81176103915597,25.620782074519923],[78.65827982236054,25.55985079225363],[78.44360198894877,25.563202792217588],[78.43130432579703,25.473628038485817],[78.30530965316557,25.37674716175745],[78.34379095746793,25.328451979277744],[78.31173194988021,25.30329609583989],[78.45825964043796,25.163715113482223],[78.33863296854874,25.086570972844953],[78.33397455611528,24.994906474682196],[78.16896864592736,24.862605870248334],[78.27669510168583,24.662978931418987],[78.22541712637961,24.521356297777086],[78.3657854328518,24.385961269932917],[78.34790263276159,24.29948427829174],[78.41163404627638,24.271617666863744],[78.51862086067098,24.387810333204833],[78.66863295541735,24.240029803873725],[78.76193024707752,24.25945824663573],[78.79280650760931,24.17682230946703],[78.88233586072599,24.217450901488174],[78.97145320513087,24.347597896997335],[78.99364689091216,24.422742871832604],[78.91420855592713,24.459609790336426],[78.92057500348226,24.499711353681437],[78.97152068298175,24.49423482392745],[78.8832206635516,24.641290879139277],[78.75202907350814,24.600171165082962],[78.78983785137807,24.810971036084073],[78.63172952484355,24.957687213432116],[78.65261511265422,25.050585471604293],[78.5557533310995,25.209207523825196],[78.57800495911495,25.25328711434187],[78.43502884876283,25.284160950332097],[78.53299267183002,25.300942857499578],[78.52962361132381,25.35337887054569],[78.58498252337132,25.346820201120615],[78.56649906296978,25.390753387868948],[78.65818230933812,25.44102031791889],[78.71148549872318,25.428081441204778],[78.66012420467433,25.38395073612581],[78.77463096722924,25.353046797166805],[78.74826219407838,25.409784718864802],[78.8214168432954,25.42252625150395],[78.76235810566419,25.426897490106647],[78.73804983780636,25.494831923716877],[78.84414884451071,25.42775061901631],[78.83495789876788,25.505819439474045],[78.93936476603952,25.557220046177875],[78.90887138005822,25.44241948307606],[78.96723073252836,25.43435864631833],[78.98933064407547,25.37404025811137],[78.93871111410957,25.346975458388716],[78.89641692855004,25.374109284428304],[78.95309733873732,25.400089490479232],[78.88024132724998,25.38589102650679],[78.78778032220356,25.296003516821308],[78.82856459158575,25.30273410851848],[78.849652134147,25.228782096600355],[78.88200256509434,25.343634918404547],[78.96061431706731,25.345082399987593],[78.97992329957057,25.279045152772582],[78.88092018321184,25.254008285215736],[78.88039457354924,25.1576128896397],[78.95384692714636,25.21895601787509],[79.00587222890378,25.19504564799271],[78.97484299605885,25.240491595811427],[79.01322040301208,25.27404900378575],[79.06363762608783,25.222023396105943],[79.02937931720747,25.140555657520288],[79.09058448309035,25.191073181778755],[79.13095015192317,25.109420144120893],[79.31364479555721,25.136091449909525],[79.27936515528212,25.244710334645372],[79.33845972671,25.197980763176282],[79.35086134919464,25.263922836086753],[79.26446992994299,25.26894696040823],[79.2998298500428,25.337657564337036],[79.35218446879345,25.329839804950417],[79.36289841018416,25.26169925698507],[79.36860993109993,25.292441908265694],[79.4945115454545,25.266865769486657],[79.39027695888466,25.170120733324936],[79.40533943256338,25.106230769334037],[79.47724026990066,25.12748784816405],[79.49150789265644,25.079616926744006],[79.56919323722974,25.171824951379204],[79.6001318794698,25.127807038419032],[79.86153151032184,25.09621722017744],[79.8513684401179,25.235616599426965],[79.91753500490823,25.22678881333385],[80.00481639050173,25.267235037155736],[80.03347951299055,25.34206063483671],[80.13112652720646,25.334238993121065],[80.26387319622816,25.424061295244666],[80.31544085665395,25.3888815117971],[80.31082887184932,25.286416684756738],[80.40337271414134,25.244043983324854],[80.43169421810738,25.177626569005557],[80.35458559643806,25.138366275661717],[80.35545128131781,25.05567937094357],[80.2736503349147,25.025980991504085],[80.38734256715377,25.004322715559272],[80.37360713601673,25.055915512006504],[80.44967349097091,25.078502191450713],[80.5019036499356,25.03725800363324],[80.43311878714619,25.023744057281807],[80.47893000729874,24.973992884415857],[80.54950247977429,25.002475439651533],[80.48274991697467,25.100220249281108],[80.61320797419816,25.065682873577146],[80.60657000186524,25.15036863115794],[80.67958674890637,25.048552389527078],[80.7762202622592,25.054836897386487],[80.70441664599181,25.128385069774133],[80.80831840495223,25.13693030956018],[80.82990616809123,25.10004801164414],[80.83817537138566,25.180561302314473],[80.88468317844716,25.18795026010085],[80.91293932817966,25.159094498508516],[80.83180807761754,25.0328839917179],[80.85223412954964,24.988740901183952],[80.79228550732324,24.964920641980356],[80.8121656000566,24.922525926080503],[80.94665553702373,24.966300207843343],[80.95723770544372,24.91786110181401],[81.08477002883856,24.949682864383266],[81.13963412547142,24.887529583602095],[81.16804234740509,24.955227283633654],[81.21966757007766,24.928617443117453],[81.27755320586418,25.166008646403903],[81.3213749406317,25.112805716874583],[81.33457383410068,25.16925194753799],[81.43828665220403,25.130572507098147],[81.40729231711127,25.105137344081918],[81.49119522785442,25.072278441849264],[81.51453086100804,25.183684167883122],[81.57865082103602,25.190843424408023],[81.62623301587229,25.160751475315404],[81.61165808035618,25.056334812675818],[81.90707741856598,25.00621314566481],[81.90286006546226,24.891689944867164],[81.96528923802202,24.827054200737464],[82.01693835408454,24.846026573553985],[82.11563158311128,24.78445127718449],[82.20361408222445,24.819220203185083],[82.17746849191265,24.732339997865253],[82.25082679908606,24.76985087929428],[82.22975031478596,24.68166445213074],[82.30299704311624,24.666943929330348],[82.298471339698,24.604983768133337],[82.41610676280926,24.591154411374156],[82.42951525389529,24.70266350276361],[82.53910998715415,24.647770396111767],[82.6710388074833,24.696983247416235],[82.7067781876372,24.63607711251467],[82.77380318520798,24.6417831159017],[82.80093174893463,24.58023244602314],[82.719251306137,24.552476443235147],[82.71344800794189,24.38034686320575],[82.77331223434565,24.343816673332892],[82.74434310434857,24.165614943256358],[82.6655408295853,24.124281819178112],[82.77409171689074,24.07594056884909],[82.75125632138287,24.01193236903677],[82.9478909605104,23.87143842218992],[83.20792950177321,23.92141101202277],[83.3540760730885,24.124924152856394],[83.40911686564277,24.266346296061826],[83.38038419648298,24.313798275078167],[83.45728193504608,24.364568165370873],[83.40508647261095,24.404803091656404],[83.39695983554539,24.496919995686227],[83.5032947551147,24.52543975680424],[83.54796365329744,24.622894829773383],[83.35761230378085,24.87057488954272],[83.32023795297891,25.01728210271007],[83.35727623774486,25.199699871840995],[83.84637850736547,25.434375438353783],[83.81658138310301,25.462783562859677],[84.08130833424157,25.636469487518706],[84.10445937438406,25.72101342421086],[84.27645487816837,25.659351044390377],[84.32396371657853,25.67036409859583],[84.33664057298476,25.743578470198106],[84.49921910142604,25.67487711905561],[84.53974363372359,25.72681299673293],[84.55745037389956,25.679568310138293],[84.56031941684726,25.736943670940835],[84.63468220669664,25.727959668538634],[84.53402124229454,25.876276895360036],[84.17005906989078,25.987719670776475],[84.00945124396027,26.175468549011033],[84.01903244391364,26.238868495303198],[84.16628757491709,26.24109102238951],[84.17694334859652,26.370691120964928],[84.07926429057609,26.382661103562526],[84.01733994784978,26.447636273907243],[83.90805515402522,26.44711833944555],[83.90812154311797,26.519106896366825],[84.04779252785929,26.536265428766537],[84.0865361734623,26.639172878473087],[84.28148429571252,26.59956165107381],[84.4199291259051,26.62689725927527],[84.30611865920501,26.749566236713168],[84.24070685172985,26.738755416819824],[84.25409777087062,26.85658865273496],[84.1661360731461,26.833827922570116],[84.14644804111883,26.885456754946972],[84.06029560697044,26.888168819743253],[84.04954478794069,27.043304248208052],[84.00010474684115,27.06862019494861],[84.0303797730381,27.0976637358807],[83.9465137893414,27.090854995057725],[83.99422724870189,27.175205839767653],[83.9052570204928,27.257409400256567],[83.92576367735703,27.32154567703999],[83.85920102739162,27.308337427860234],[83.830783081195,27.36992378742976],[83.61485865476516,27.469260102074095],[83.38815945662682,27.479408077396794],[83.40970532323931,27.41262285517043],[83.31788153993634,27.33052712645607],[83.18834369892357,27.45391816228921],[82.73505325409297,27.50266695449016],[82.70843097457228,27.72300704983232],[82.44923592171686,27.67966938766095],[82.06994852649864,27.92332961296103],[81.967896574778,27.92879335257683],[81.88463384842207,27.856901591378644],[81.47811645620695,28.082613714723088],[81.42561597530866,28.17116130297039],[81.31787574298696,28.13341088687279],[81.2114576079813,28.360186297060945],[80.9152364919394,28.457556454409286],[80.89634630402156,28.50705919682068],[80.78861987161928,28.524272005881816],[80.58663105600606,28.681629085530524],[80.50599431722804,28.67036143043211],[80.5163851795268,28.55226345436901],[80.11847807642783,28.8280054214559],[80.06508911589948,28.836732767314864],[80.03013885721366,28.74869924671377],[79.95417132322893,28.72289700588437],[79.93982606537138,28.78778140802566],[79.87306360942553,28.797347016794202],[79.91552810029154,28.80433844669689],[79.88822781461522,28.836622515539506],[79.80876304760125,28.800078128052025],[79.84960639199316,28.859361759046593],[79.81802976713661,28.887870715526038],[79.7066740017476,28.841071802926702],[79.58436542844228,28.84633396893951],[79.55648257003284,28.899321567231542],[79.42557262069555,28.866478832953828],[79.37236130470956,28.987532182446785],[79.17105656427006,29.011927886415805],[79.12686688225706,29.13274453281875],[79.03583915002628,29.169451128798226],[79.02669822427508,29.112475212043407],[78.90635714290167,29.1250578393186],[78.87446359420954,29.230259967596748],[78.71858479188707,29.30669765794415],[78.7959081450453,29.31182327121917],[78.94233080008843,29.438632602777982],[78.61772794354911,29.558086059381893],[78.50095874879831,29.73296520971331],[78.335651480782,29.79666482084687],[78.02158845685996,29.580905430082346],[77.93329216723487,29.600565780085066],[77.98377718526676,29.64368931606862],[77.9470120835686,29.712536871087835],[77.7990420858385,29.686241773272197],[77.71428516202609,29.869506419898322],[77.73328462730326,29.95598729839907],[77.801182498971,30.09553387647985],[77.96168597659813,30.242430277164495],[77.72183494772857,30.330265884532118],[77.64787250825526,30.4046879284303],[77.57756296098525,30.39783100648439],[77.57602127409129,30.397443669214223]]]]}},{"type":"Feature","properties":{"name":"Tamil Nādu"},"geometry":{"type":"MultiPolygon","coordinates":[[[[79.22012287926195,9.25096888270043],[79.17492798244604,9.239788646555024],[79.2210285158156,9.250974918887481],[79.22012287926195,9.25096888270043]]],[[[79.16041910723928,9.217239564167258],[79.12371779401116,9.221158854348001],[79.16158755491247,9.216630040149523],[79.16041910723928,9.217239564167258]]],[[[79.77875386433787,11.904692896072696],[79.78506296434361,11.862958221660683],[79.7794914674244,11.904404335242276],[79.77875386433787,11.904692896072696]]],[[[78.93164422856782,9.181541077717986],[78.89718503033879,9.179555725875373],[78.93075227605084,9.181442515445072],[78.93164422856782,9.181541077717986]]],[[[79.80699829015762,11.833580813060266],[79.67397048079131,11.880662436627203],[79.74064997372743,11.905469612213121],[79.69567189159356,11.963871032582805],[79.74755996041995,12.0078337348639],[79.75021249501111,11.919949872265745],[79.81254361825425,11.97793458573014],[79.8405729999714,11.955828715931101],[79.84976470029905,12.051816570374996],[80.1376540696415,12.410563058556344],[80.25466958962974,12.780807964844268],[80.346776834524,13.313378267171654],[80.26879994891176,13.56531121693289],[80.24177825326292,13.470665481610363],[80.07816579537068,13.488830870127746],[80.08122760869348,13.549770453838173],[79.99969217105073,13.542330973640036],[80.04658574883122,13.493704095711086],[79.97238828223178,13.46911303512534],[79.93797313558764,13.35554602167392],[79.73367983943673,13.288843220040192],[79.79469758081872,13.24213003292321],[79.75980856567571,13.20747006064772],[79.70267424216526,13.222423434420469],[79.68237055155463,13.295941123489138],[79.57923531244974,13.25782123868358],[79.53457231260515,13.275425221996828],[79.53727627394969,13.338674575127765],[79.43540184370227,13.351738084475187],[79.38186066544563,13.307517289059486],[79.44539387647274,13.301280652207364],[79.40838951838015,13.265299362647507],[79.4531218825377,13.238381398983437],[79.43839703347203,13.188205542503466],[79.37400280880468,13.189288193957173],[79.36047389046996,13.123569580372251],[79.30715928349767,13.105554691318089],[79.23490094452507,13.170876212654887],[79.16309076696284,13.020305715221395],[78.99497450747731,13.086644830615988],[78.92391572753112,13.080846017643694],[78.93707999813239,13.030464174969495],[78.89161664877699,13.033096243460347],[78.89155610412348,13.097124395051406],[78.71449313195625,13.068717472793415],[78.70524724345401,13.015278565951776],[78.62087328132871,12.991281446343239],[78.65698861451386,12.932147878432806],[78.55584692836557,12.70020274935658],[78.48906110454426,12.742025974709659],[78.51998560999671,12.712059094498882],[78.46488948301754,12.624058477801391],[78.37139757674097,12.627154656097296],[78.2710614404507,12.705106153129343],[78.21056483512118,12.686125680544832],[78.23092787652435,12.760710107975598],[78.05353794993303,12.853841254091574],[77.99518152686905,12.805909326448212],[77.95231623557105,12.857168031086449],[77.91854748516431,12.830627195594255],[77.92930560390406,12.890966442741178],[77.83599545286062,12.870381119338248],[77.73990879612354,12.673043956964857],[77.59885555389157,12.667212498298946],[77.61678543648249,12.368258272627251],[77.471995049955,12.249930407235299],[77.49268868216247,12.197393522182413],[77.72767209624021,12.1815912450574],[77.77553532092828,12.118502907153623],[77.67564961788776,11.95207918942064],[77.49475968426961,11.943950490031613],[77.42723914993698,11.7609537333848],[77.24983086627284,11.81312017365265],[77.11070002054556,11.773582283515912],[77.11765843361839,11.721181703494356],[77.01289466658271,11.814726624607673],[76.90795728754192,11.795358759405845],[76.84688360537223,11.594584842800884],[76.57669432687602,11.61461426407002],[76.51106164253714,11.705098411564682],[76.35455837903989,11.589391723591929],[76.2341379422909,11.571160994607832],[76.24722594592458,11.467987698647654],[76.41868184609073,11.441866009961204],[76.54783047134538,11.35896837110648],[76.54572606807936,11.300396525879169],[76.43859358826819,11.19904787721422],[76.73454195512859,11.21807401762112],[76.70019005527033,11.153631351836916],[76.74806348661669,11.135479816017911],[76.74648747779064,11.056751507188222],[76.80077283210672,11.053978576918693],[76.6997058516541,11.026658177893516],[76.65905766535936,10.930588113269302],[76.82838585187616,10.872638198008037],[76.90728614721,10.783407270025698],[76.88212093597846,10.638965535985793],[76.81012200440875,10.623840723749995],[76.82992965969254,10.30315321540764],[76.98359357405383,10.219659293726579],[77.09142847623006,10.315060116029677],[77.23525271029641,10.352869869019992],[77.2952790897955,10.218546066864459],[77.26771637837689,10.122207643029055],[77.20118377975268,10.107203462288817],[77.2727897980986,9.964293512469489],[77.21834772998623,9.904908890535514],[77.24679666985682,9.798458529415488],[77.16582739901511,9.61294070168897],[77.26964118955304,9.572874617524327],[77.36105476167307,9.602365849241547],[77.41232049024705,9.509082635352339],[77.28296704371773,9.301419846029333],[77.26779965130542,9.153421294028597],[77.14700999349995,9.021366285015706],[77.25833876990457,8.874972032966614],[77.16999157904053,8.741850180160423],[77.28375606367617,8.54685140048988],[77.20127547528531,8.500969788757327],[77.22699535039071,8.446731115514014],[77.15067447307214,8.384458134764637],[77.1802919477525,8.323434005256969],[77.09773261034887,8.293584288455284],[77.31534205975775,8.122205253597972],[77.555934216703,8.07664466982547],[77.60450908765748,8.147188041581977],[77.79369050907727,8.162315164094085],[77.84108011859135,8.251660829583424],[78.06643374823187,8.373792416015096],[78.14327432519684,8.501672382616697],[78.13852612794734,8.680180243669145],[78.20197365496772,8.756025789339905],[78.20045982123744,8.792860091743327],[78.1605633200196,8.77473315897191],[78.19026715962971,8.928428244749519],[78.41170197148828,9.112536176228678],[78.96461919525011,9.274044347056561],[79.20862433492906,9.281686862971679],[79.43284080252278,9.160938065639547],[79.31568967824917,9.274055369821552],[79.32940653312441,9.320220470158636],[79.06650321501321,9.298000072856583],[78.89839641119435,9.489583157285223],[78.98026362002777,9.689639449117838],[79.26601433963062,10.039305979968105],[79.22822211501641,10.147380711379094],[79.29684731753538,10.262396167384876],[79.38908624916208,10.317356366192016],[79.76845831957898,10.271864587511248],[79.88041610892196,10.302605694542347],[79.85272333941651,10.826937417467077],[79.71870431728765,10.955994200863165],[79.76388244974372,10.95982109923778],[79.7471141840366,11.002980986595498],[79.85436081546587,10.983316684627638],[79.84309174667064,11.351165542234812],[79.75724974423329,11.557507073112781],[79.79576112682633,11.785499854197658],[79.71229475598875,11.791554512491723],[79.73666780944656,11.844252974808008],[79.80690150746554,11.833582485343783],[79.80699829015762,11.833580813060266]],[[79.61843855591502,11.885260934429406],[79.65782681819285,11.852701597457623],[79.61835832558039,11.884931399420564],[79.61843855591502,11.885260934429406]],[[79.63730376976962,11.980977229746337],[79.63209952479986,11.901271158528562],[79.62638953640993,12.031895199523003],[79.63734549471793,11.98202602355935],[79.63730376976962,11.980977229746337]],[[79.6964898983896,12.03537025770059],[79.71960396656995,11.992169296445017],[79.6569393329978,11.991563719272545],[79.69502621131342,12.034735083727323],[79.6964898983896,12.03537025770059]]]]}},{"type":"Feature","properties":{"name":"Chhattīsgarh"},"geometry":{"type":"Polygon","coordinates":[[[80.27289101775115,18.72299154160009],[80.34583029677711,18.595472781560613],[80.51472952696597,18.619375963648004],[80.73483554187314,18.412859651796282],[80.79413750824897,18.259335998959493],[80.73718580325264,18.22211449638174],[80.7449377988273,18.17033473842199],[80.79911174587848,18.171546130274944],[80.83672317915185,18.242296166171723],[80.86666862514919,18.140300852844714],[80.97902736943439,18.178789895359547],[80.94925711827366,18.08624055010885],[81.00832421832185,17.798126217196703],[81.07326037953214,17.78650392459428],[81.16613095256773,17.857650691707608],[81.3933495682814,17.794674753414647],[81.39925205575523,17.8919470035956],[81.44461545226393,17.885784163550777],[81.4829333934403,17.976845168158466],[81.52545844602781,18.258126301172616],[81.75027962802977,18.353626915699266],[81.96362219662007,18.59047144009687],[81.89375171082665,18.657486626209238],[82.08495505489806,18.718621229132385],[82.1654155172679,18.798652727171643],[82.17612699547807,18.902696742474888],[82.24603383070111,18.91913875485334],[82.21839627794127,19.097295052238536],[82.16607750376706,19.132724933802457],[82.19410481486746,19.325960048412174],[82.14709371049832,19.365355922742836],[82.18942651553022,19.427553439517677],[82.12612569687047,19.429109441147872],[82.10023979693088,19.516612249820657],[82.02904306629979,19.507686229696624],[82.06553438485554,19.790679113242966],[81.9859350205676,19.801134596427126],[81.96811967766703,19.859915181419673],[81.85314535548144,19.918497323247603],[81.87090725041924,20.044190476506557],[81.94637148080817,20.105152059670246],[82.03254630187175,20.015765611927268],[82.0704538854398,20.056992901859],[82.18424051175059,19.984210503921087],[82.23746355254764,20.00350022584957],[82.34530735163847,19.83585321507943],[82.44597468240096,19.910214226114373],[82.60341134129249,19.86701358231972],[82.59179414927354,19.775886723505767],[82.70731088860069,19.835062856041258],[82.71538570994237,19.994747115587636],[82.39920885224039,20.056617434003563],[82.4380102514313,20.434212532355748],[82.33212392895531,20.562050965307158],[82.37653962889041,20.632422753199364],[82.3508196432922,20.889519216547434],[82.46539622560596,20.827770118833804],[82.48808025588677,20.90866971505584],[82.62934201955406,21.03846090646776],[82.64047106165772,21.154754071474265],[82.88227726745495,21.148333867921345],[82.96503810057008,21.193180272125264],[82.99049785231526,21.139712502966162],[83.13135073250962,21.10575245468633],[83.19821405129557,21.14534786279452],[83.22202654703294,21.266048493170597],[83.27141820846452,21.272848827947403],[83.26884265410331,21.378502906719753],[83.40629729022284,21.351182434587873],[83.33800013178436,21.502017817206017],[83.38268562364703,21.620242233603808],[83.48973523117827,21.63138744802249],[83.41814587478427,21.679862390506457],[83.49067483033794,21.744493567390396],[83.46888663239775,21.78732663065116],[83.5909167162869,21.851214536987836],[83.60574219103746,21.914087656654992],[83.53793408082954,21.969317423333614],[83.54386704454771,22.056907000629977],[83.60660580979207,22.06662680967778],[83.56447859948429,22.105935396774544],[83.64964634802895,22.22328513864336],[84.0104383271675,22.371535451923382],[84.04739541950312,22.4691756769261],[83.97462941830894,22.511941890580797],[84.0094739551673,22.573104553773465],[84.22027279131699,22.667262675380012],[84.23183011691047,22.741890303632342],[84.39615044904322,22.92592391345451],[84.37443691278132,22.979005771880857],[84.21918319326785,22.97881777742111],[84.18576980470945,23.027148406956908],[84.14946053423759,22.965434004204027],[84.13342901552258,23.083145795919922],[84.0319879631109,23.156126667422093],[84.07468703464033,23.333415609176043],[83.96336686140118,23.37744335429331],[84.01656153699483,23.63442871038149],[83.93187719975235,23.62046688118928],[83.93766469478497,23.56904559312921],[83.77245393637294,23.610950244735537],[83.70689088494329,23.81880293251706],[83.5711641376115,23.862185231071756],[83.51613870355366,24.026774565551843],[83.43305324624434,24.08529748721634],[83.32146512172561,24.106034099879945],[83.14149377567263,23.884935825545384],[82.9478909605104,23.87143842218992],[82.80168855171372,23.961692766675718],[82.66157040898014,23.907682649530354],[82.66044605421435,23.855184394863493],[82.5330553610038,23.822186505479156],[82.52444316656089,23.783780819256034],[82.2317961299292,23.805350650248098],[82.20952558968204,23.85277590000736],[82.05271074732512,23.819458337028546],[81.92891589880583,23.87075362440679],[81.7911042191918,23.809378517342488],[81.66856878175136,23.924992643676386],[81.60840635869073,23.902290354095513],[81.69589561444096,23.721350852904063],[81.57667155488569,23.58537398459333],[81.62703965179347,23.482056981297568],[81.74662308058154,23.56982844595228],[81.83641047206864,23.51094013055471],[81.92327094125598,23.53269272488272],[81.98531864243371,23.414529132953394],[82.10339607798728,23.398271077851064],[82.1939448051524,23.32387999049112],[82.14481941515082,23.227406101105625],[82.16134284323059,23.143151093933003],[81.94223569652888,23.0789989942705],[81.94629211016124,22.956812864165318],[81.77566876321052,22.874469197293408],[81.76852082807058,22.664260549617918],[81.68330179650299,22.646938436212153],[81.62192938048388,22.5380468121436],[81.5222181527294,22.53904269713924],[81.40669295396721,22.44098009271495],[81.32651577352559,22.52617216239635],[81.31371715497417,22.4829491247078],[81.28125865759648,22.502981691700093],[81.23218075074418,22.452182042697068],[81.1726824827158,22.48793481459603],[81.11115484590043,22.437600196671028],[81.11870888512581,22.29128654243608],[81.01945423599594,22.22120959767237],[81.02190457059643,22.132754322294776],[80.97796248044544,22.122649801652116],[81.00619664121642,22.06323264266318],[80.90792665163916,22.10959700341091],[80.8255664339031,21.958361976825785],[80.81973273402386,21.74804707665939],[80.7561003903119,21.76217996798534],[80.72613699507687,21.71368852609587],[80.73774821060424,21.47314781993808],[80.67958993343406,21.29875243817245],[80.46406951262514,21.17454313805464],[80.42427723574322,21.00840439862751],[80.46371176574978,20.929097863987057],[80.54607625228005,20.934913602425766],[80.58765447786317,20.684585356049354],[80.48102291931566,20.61838586512529],[80.52092603662555,20.58050224721059],[80.63185840895315,20.598427857325618],[80.59148088685015,20.39295428709618],[80.62635710279702,20.33250614476202],[80.395273555642,20.244873228846895],[80.4018173944146,20.147268810922395],[80.50559332006496,20.144465001120626],[80.55682513184709,20.07174874261765],[80.52991848972489,19.939336004002286],[80.41126256158621,19.93835949957291],[80.50584808677112,19.870522083363724],[80.40173049319066,19.79614496383642],[80.4890497095357,19.77027064787847],[80.48058100119648,19.827532760415092],[80.54630129912334,19.81829356901666],[80.5526368733788,19.765414470714383],[80.67640804230723,19.69941191607745],[80.66536986928608,19.611741004996794],[80.83598233224883,19.56637273477949],[80.89835690879893,19.481812703242838],[80.81342866638036,19.433603976723365],[80.85298729954174,19.363858610091484],[80.75704519520858,19.289587242078014],[80.61268646354817,19.309359769070593],[80.57320714354155,19.40230960554597],[80.39385410969524,19.244838857364194],[80.27329543030888,18.99295323534256],[80.35445031554616,18.826594047428358],[80.24524562808875,18.765495609646763],[80.27265972402334,18.723340075990723],[80.27289101775115,18.72299154160009]]]}},{"type":"Feature","properties":{"name":"Gujarāt"},"geometry":{"type":"MultiPolygon","coordinates":[[[[72.3431337182025,22.02296768559546],[72.29258486319155,21.964843505285256],[72.35578585297209,21.79728996991296],[72.44461619372852,21.968764162329116],[72.34391593342264,22.02337150111064],[72.3431337182025,22.02296768559546]]],[[[72.96161476684344,20.20875236311854],[72.91697149849406,20.281256717404325],[73.03468771877694,20.291360887147214],[73.09644406666365,20.36039327634838],[73.10142423047907,20.30279311807459],[73.1671452560413,20.288474268030157],[73.06021744119793,20.223259407479194],[73.06457123312195,20.158572047125343],[73.16854263397478,20.20815199011603],[73.21797072478608,20.18584925792529],[73.18801098749091,20.128523446943902],[73.24914657795674,20.122679917659923],[73.29948854466953,20.20946511231994],[73.41679461485494,20.19831337870153],[73.3798411310518,20.393403899615986],[73.49385174778712,20.538178452172225],[73.39203804904275,20.64597471524699],[73.44958930762603,20.717550110004144],[73.6523895777236,20.564480711486148],[73.74465241172338,20.56477050858162],[73.8383569555159,20.62054810478451],[73.81206128816115,20.6921959878511],[73.94224786642097,20.74232113568666],[73.90113548199136,20.982149278752022],[73.7999488989435,21.03856101620583],[73.80758399854682,21.08462894068041],[73.61823889509913,21.118272563993077],[73.57718896783626,21.170581447363972],[73.71877833451123,21.139568259913126],[73.81568687517314,21.173883008836935],[73.82268567290788,21.2706689064637],[73.94198602727857,21.299084561769558],[73.93874618134116,21.404840248528117],[74.04467272768063,21.4191228221404],[74.06309344704782,21.4745703988482],[74.1007077172009,21.447636949462662],[74.32064057914208,21.49843419262615],[74.29491586481222,21.569015609371814],[74.19694059092012,21.531990915808866],[74.1758163270267,21.568692658280778],[74.00522172526672,21.553385168469806],[73.85198430584953,21.497824350614025],[73.78018821387096,21.62815462825627],[73.88796121044602,21.653151282631512],[73.89168055462419,21.691708422256287],[73.79565065973497,21.824559993053878],[74.14705298489154,21.948417269745676],[74.09211643284281,22.014979057242552],[74.17863314731365,22.08549382724319],[74.12451991829086,22.097782272965542],[74.12248982007183,22.212368406174342],[74.07220858935372,22.2190845493218],[74.0649235156059,22.354460346838607],[74.19018631370739,22.320182446169856],[74.29105778302493,22.393876633196545],[74.19063664634585,22.47586273586356],[74.11944611678516,22.418801734112193],[74.03839906082298,22.53471915306794],[74.15070557615925,22.521193336720703],[74.2636650104002,22.64401994259096],[74.37906625512794,22.634572992163744],[74.47656899990925,22.855455217568473],[74.44693723842258,22.92126000699379],[74.39323849207187,22.896778677076323],[74.33951956147502,22.952825875095293],[74.36425907277153,22.98140269237348],[74.24706716408569,23.18435871597558],[74.12780861910495,23.17604294558703],[74.10685684522082,23.293674027417577],[74.03818695241472,23.293373672363412],[73.96237026353252,23.38082894180524],[73.89194900357043,23.33403944943464],[73.82872699860216,23.447618709250325],[73.75575044398346,23.454244401269673],[73.72082572979106,23.41005607925418],[73.69741995797666,23.456592844754255],[73.62722950934707,23.448492110264954],[73.6556742756448,23.621208238510203],[73.5726724146575,23.653683446852437],[73.5231029119525,23.606818364331705],[73.50741293809838,23.70295898892337],[73.35186240713021,23.79131067915264],[73.42084164468582,23.930740835049082],[73.36200680315602,24.104574971973523],[73.2428035360063,24.00219505456202],[73.06745417210877,24.194596939489507],[73.21927252107501,24.363806407761928],[73.07651219863055,24.396508080824006],[73.08987596529352,24.496288184520957],[72.99111467091771,24.477796107954315],[72.97512572156738,24.36870331801703],[72.91074011174356,24.337115948649394],[72.7308703121486,24.364199530735913],[72.68337049282387,24.463776250340135],[72.53895701244016,24.519513533266426],[72.50035338274891,24.41694430856642],[72.45725322153001,24.414694222139335],[72.4414459402762,24.514957237335352],[72.24640647642954,24.58549486424176],[72.34738276566605,24.628410384664303],[72.16481841637575,24.62117683497934],[72.06131965782146,24.71200090183998],[71.93988163107818,24.63368749093553],[71.87176205789328,24.68164695914294],[71.85217618228009,24.609244983544574],[71.79153773656051,24.677216033050723],[71.6553790954098,24.639065118123483],[71.5027008332395,24.682750312035505],[71.28758462196912,24.615841462265074],[71.0965508717385,24.68942178343348],[71.00844093582248,24.635547370429922],[70.9873969804171,24.54326711435242],[70.99847674274095,24.444094550048597],[71.12170665065953,24.405704325878304],[70.94693704597164,24.348467820571713],[70.87401519246556,24.29457302725287],[70.9067892940537,24.259232083479354],[70.82671693263269,24.22641477079963],[70.57108390289808,24.251410612324516],[70.57310409629278,24.422044460046852],[70.10998551990852,24.29478921312039],[70.0251595273289,24.17099801027024],[69.73152158965,24.170900891002937],[69.59415155057573,24.292823060170402],[69.19383047667901,24.23621478235229],[69.09489665097139,24.27400419290616],[69.00335295967908,24.223041133554783],[68.94554513416581,24.302580192525248],[68.86472767321726,24.21274432173997],[68.82624194650876,24.31743887907255],[68.76463391047547,24.295891749585902],[68.75294813567781,23.97116594366066],[68.3704176399259,23.98468480414878],[68.20844197087182,23.87500889560212],[68.17223640910291,23.6959954558199],[68.09381543953333,23.666801088521414],[68.11931343525514,23.61589624199684],[68.29930804587735,23.593159374247833],[68.326367809433,23.49609377867267],[68.48036625820274,23.51790233445587],[68.39976722441213,23.420101786122597],[68.44979962718644,23.436776360195633],[68.45858652957907,23.367202748315155],[68.57645325090972,23.373467941402726],[68.55923953041616,23.33848287953857],[68.6196187960066,23.329901832213952],[68.54405096561094,23.300776715927228],[68.54118720924869,23.247146539362245],[68.6344578973017,23.300499714309506],[68.58060210657469,23.237045746365016],[68.63228744360775,23.170311028994487],[69.19675216180065,22.837507262092277],[69.47232525669531,22.773497678209004],[69.41688468329686,22.810680509805866],[69.71286487387452,22.805734289517645],[70.08182652297403,22.920775627547457],[70.03584095779111,22.952859689057597],[70.10779521165017,22.977792807197225],[70.297857052117,23.210008302432914],[70.51136632826109,23.17667174420691],[70.71169539948738,23.214302788657687],[70.68880519596738,23.11728784831618],[70.56140058515814,23.029366813066773],[70.5413578290864,22.959949046527658],[70.43238475695362,22.967433192990523],[70.51934160908276,22.934945450346348],[70.48301881088103,22.93538689774807],[70.46209422181403,22.840249902221036],[70.38289641433954,22.795043012077862],[70.42656431710625,22.90437264507828],[70.38296046421934,22.87150662894773],[70.41926598871643,22.91854939657466],[70.37611168873025,22.90835360944135],[70.12529343398408,22.55278708863174],[69.97553508635602,22.542667961850164],[69.9711177934229,22.499893882185702],[69.8896243493247,22.495126595197643],[69.9264028071745,22.464293159184706],[69.87118697159889,22.47104365498239],[69.87067041695433,22.4277279854037],[69.82422655466969,22.47293241590277],[69.77936330328028,22.41621766105923],[69.76458517783001,22.475324779987993],[69.75376152249873,22.41646239142997],[69.73074871062059,22.484376920240905],[69.65542232671201,22.35938668718712],[69.33278416025922,22.32764467904726],[69.15650799370327,22.195052387361354],[69.19479675580256,22.421720561774336],[69.12123037545317,22.37544728247569],[69.11055001129117,22.409753121543265],[69.03570670181654,22.389998424928287],[69.06817556305764,22.48119258681807],[68.93640797684725,22.311365598846084],[69.21723933959628,21.957585611796944],[69.72211972666496,21.539275457272957],[70.15881591664558,21.055209931344258],[70.44749443260892,20.848259706530325],[70.82158209958662,20.692234785905764],[71.43728097146953,20.869110326687],[71.55689682135451,20.96992587476639],[71.52961720052298,20.94284302385232],[72.11211606696514,21.198516457543732],[72.10790162080968,21.302357051635113],[72.3086334795414,21.6250684544608],[72.16227887367768,21.807345328844065],[72.24150835574903,21.823668605074705],[72.20424718009647,21.890956196585684],[72.22466956780055,22.057472925640994],[72.32350794301763,22.143570477786145],[72.37330104268509,22.315796065959404],[72.41860040278875,22.30181531737076],[72.42725640986474,22.20951362899568],[72.5157750181496,22.321068315708903],[72.73721562324343,22.27532000774753],[72.75582144496644,22.231715880918017],[72.93956342361048,22.309301180544207],[72.9132941739116,22.240439579581814],[72.75816521422142,22.17422035075367],[72.58041947662417,22.19742009621988],[72.5079210341458,21.934211987739683],[72.55824663624905,21.878889519414702],[72.66696325823283,21.955511378999127],[72.52778857921128,21.678164191485692],[72.80725386761951,21.657805703198783],[72.61224675030962,21.585208394251662],[72.635408614253,21.53531150534069],[72.73657035169673,21.538779046923246],[72.65281038267824,21.459945751682294],[72.69849597343828,21.4647401057149],[72.65412031950025,21.346122216172077],[72.598007323874,21.317262316242612],[72.65741214914654,21.224548395688352],[72.62391177582084,21.09079248923273],[72.75450736870759,21.052423532282596],[72.72787542780601,21.007049086984726],[72.90368861524097,20.575874142315307],[72.85555080611327,20.467484334508974],[72.89665760032685,20.379774579698037],[72.77757659927718,20.336843454667942],[72.73667141126786,20.13484977967032],[72.8244112781178,20.142094214157858],[72.8587285290572,20.224503405019195],[72.96248673993017,20.209414336050667],[72.96161476684344,20.20875236311854]]],[[[70.01922041464259,22.597105242384675],[70.00170006410828,22.55445562375377],[70.01988655854493,22.596323050764052],[70.01922041464259,22.597105242384675]]],[[[69.63568075150053,22.452227415967066],[69.5904064490034,22.430544414201645],[69.6365567930572,22.405539641621488],[69.6393115873687,22.449522081438264],[69.63568075150053,22.452227415967066]]],[[[69.14662887736735,22.473753723472054],[69.08423032478237,22.42227075814149],[69.14806540657584,22.473085754732903],[69.14662887736735,22.473753723472054]]],[[[69.82019664672809,22.48801313739938],[69.78520092879732,22.489420882714132],[69.81944583391532,22.487450318463793],[69.82019664672809,22.48801313739938]]],[[[69.97121457791162,22.570539699010986],[70.00060032318127,22.554023019835682],[69.97130224719513,22.571210083482026],[69.97121457791162,22.570539699010986]]],[[[68.55429662961703,23.345808158279958],[68.49759345252723,23.332718155445598],[68.51481380528251,23.29201513907112],[68.5555324590214,23.33511306757456],[68.55429662961703,23.345808158279958]]]]}},{"type":"Feature","properties":{"name":"Delhi"},"geometry":{"type":"Polygon","coordinates":[[[77.20984478864816,28.857866895645454],[77.14380517018051,28.83831291765975],[77.08239546599229,28.883807228409715],[76.95080437897228,28.81829587105762],[76.94372785630418,28.628238452078143],[76.83955903180303,28.582472679811623],[76.88392277677535,28.500748600912974],[77.00663455709932,28.54134537631232],[77.09403093064243,28.514063432661633],[77.17439688575281,28.40469199328046],[77.2493021053202,28.424198572061865],[77.24329706617351,28.47883489419228],[77.32682881549916,28.490123494747316],[77.34736061800483,28.520573512598936],[77.29708211996181,28.565997212060815],[77.34240405203359,28.60891377569186],[77.33106534314261,28.71313178586936],[77.2026064686176,28.793200977911177],[77.20995355935771,28.857841328231004],[77.20984478864816,28.857866895645454]]]}},{"type":"Feature","properties":{"name":"Sikkim"},"geometry":{"type":"Polygon","coordinates":[[[88.01482460061725,27.21170989137787],[88.06496399364022,27.213331067906488],[88.15361405060399,27.10977387532254],[88.30200401791595,27.128943787360864],[88.43064887155253,27.079449114794897],[88.54125583366005,27.181755954339906],[88.73884984027337,27.13631215104065],[88.80332404823872,27.247950821051866],[88.90706057737398,27.27597670376028],[88.92014845075194,27.326763936921935],[88.806190505835,27.406794594094595],[88.76376324025608,27.56484593674358],[88.84816101941449,27.667756123774087],[88.88796448481328,27.856478277321468],[88.83617460993229,28.0150202004509],[88.61004576204932,28.12891513585834],[88.55086835966404,28.03762067298055],[88.49537663888827,28.053943355559213],[88.39870643205104,27.97785356109021],[88.12905022282759,27.949470119865648],[88.19807203603608,27.7907416057556],[88.04425607013486,27.49647690752412],[88.06838007196835,27.33507077184256],[88.01411851402415,27.212520944746455],[88.01482460061725,27.21170989137787]]]}},{"type":"Feature","properties":{"name":"Tripura"},"geometry":{"type":"Polygon","coordinates":[[[91.81543176909312,23.504286527558467],[91.86364090894597,23.408295588329445],[91.94713102495142,23.430538576525187],[91.95844872224794,23.738564551646988],[92.04255386532111,23.646425644497604],[92.12929349852634,23.73578518164038],[92.22752024410413,23.652766668881984],[92.26907389088274,23.847016538801256],[92.31662946324727,23.864451077557998],[92.33195844371456,24.17966365892565],[92.29119705082941,24.251354052637687],[92.19229319202137,24.24326784552022],[92.25807345339176,24.389415705892738],[92.23034444674606,24.501811254593722],[92.16803746752282,24.527494459457525],[92.1635311192057,24.41886639717342],[91.97592138122383,24.38695532203923],[91.99298626614616,24.328525642162827],[91.92243594882046,24.33841130627289],[91.91827209129025,24.115530590320144],[91.84117807532914,24.227318985916114],[91.74658315466465,24.245272175182205],[91.75624916995392,24.14184639988074],[91.68255209730708,24.162412649494552],[91.66226854962007,24.231931142490385],[91.63130321663628,24.103556066136647],[91.58096965995117,24.07441057126921],[91.37614158054193,24.10582989988764],[91.37932879598347,23.974547943134688],[91.28016383105833,23.982256198301197],[91.22034365983272,23.891217933790085],[91.22748133621211,23.753370937370686],[91.1568211046215,23.742089644566786],[91.15354138336697,23.691102398918915],[91.2144618021694,23.65663693696492],[91.15697016387324,23.67043245465853],[91.16083594871411,23.594537932324844],[91.32348727393102,23.36299756519663],[91.28836283460654,23.31450806259328],[91.3468549598723,23.10236658771646],[91.41720743493477,23.064993578908318],[91.37978880976573,23.184675176225866],[91.40867103584391,23.28530256697274],[91.50743554618846,23.18377672529635],[91.54228511540903,22.999634694289334],[91.61894604009696,22.939183734373383],[91.83517261127933,23.093312051174177],[91.75989844015002,23.282805138247795],[91.84235222191448,23.388912115727656],[91.8155084564723,23.504274973187705],[91.81543176909312,23.504286527558467]]]}},{"type":"Feature","properties":{"name":"West Bengal"},"geometry":{"type":"MultiPolygon","coordinates":[[[[88.21500569955332,21.493025923599138],[88.2223826871244,21.540859404608256],[88.21306120449267,21.493741805088078],[88.21500569955332,21.493025923599138]]],[[[88.17735491378225,21.549383285618095],[88.16707560427548,21.598377015272032],[88.17589902228612,21.550041770807354],[88.17735491378225,21.549383285618095]]],[[[88.04785607672082,21.575652764623058],[88.01668604463323,21.595434512875997],[87.99179717314941,21.512976352557853],[88.04782480277252,21.57347097645231],[88.04785607672082,21.575652764623058]]],[[[87.96762471618948,21.63317232875778],[87.94469312638603,21.591800323143655],[87.98588255931756,21.68695194518745],[87.96798126920386,21.634300396874632],[87.96762471618948,21.63317232875778]]],[[[88.22749654001701,21.650056256512034],[88.20395411199004,21.70792218266676],[88.20781343704567,21.597099005323468],[88.22649586619787,21.639319524707474],[88.22749654001701,21.650056256512034]]],[[[88.30989392105639,21.64283136981083],[88.31668342660132,21.604859646032022],[88.34933700212609,21.680188605161955],[88.31189061721815,21.706654553503153],[88.31406940817627,21.65079085270046],[88.30989392105639,21.64283136981083]]],[[[88.42055079805263,21.70280964847346],[88.37115330296159,21.728509891052333],[88.403756215301,21.719904982006945],[88.39416408644387,21.589521064832308],[88.41525018720908,21.698023615289795],[88.42055079805263,21.70280964847346]]],[[[88.53434424976297,21.573128412039964],[88.49662945184139,21.597819829409406],[88.48571925910385,21.55792125912179],[88.53060319869424,21.528085353053562],[88.53208964279149,21.5683804649423],[88.53434424976297,21.573128412039964]]],[[[88.56595283308405,21.56311150496171],[88.58368916915536,21.606825281168256],[88.52365200897458,21.652720578259796],[88.56029642201433,21.559682327942333],[88.56595283308405,21.56311150496171]]],[[[88.85360392789066,21.601229206762586],[88.83312598028458,21.55349423642603],[88.89551477177571,21.539150033787713],[88.86270174528796,21.596963405898094],[88.85360392789066,21.601229206762586]]],[[[88.78358323210365,21.611135680740848],[88.74572988252424,21.64652112967079],[88.70627404268252,21.59207259484982],[88.75395836608514,21.564134397018353],[88.78479109785152,21.608381683401422],[88.78358323210365,21.611135680740848]]],[[[88.98324212868695,21.6430102785931],[88.94965361805548,21.673239206183347],[88.94019639998433,21.64084471310577],[88.98593502458384,21.641567717207742],[88.98324212868695,21.6430102785931]]],[[[88.97343789770977,21.733813556660387],[88.9272334580079,21.763607448784086],[89.02009208075523,21.59920564375609],[88.96859834179587,21.73033310692852],[88.97343789770977,21.733813556660387]]],[[[88.57232272208503,21.631736183330908],[88.6050977588194,21.614888695602506],[88.57488237716403,21.68849735279304],[88.55948937646137,21.641342907047648],[88.57232272208503,21.631736183330908]]],[[[88.56292844088101,21.700820861691227],[88.52018393076789,21.71399987132934],[88.54379051467583,21.641519158222764],[88.56266725122056,21.69756150285834],[88.56292844088101,21.700820861691227]]],[[[88.73096216225993,21.647587298331363],[88.69066472855776,21.717766713948084],[88.72882864549383,21.646337459260323],[88.73096216225993,21.647587298331363]]],[[[88.46156960587741,21.782445979783756],[88.42411696510186,21.75282281967671],[88.43205010415689,21.601080882360524],[88.46051900818632,21.781542021333415],[88.46156960587741,21.782445979783756]]],[[[88.57187666542731,21.753638850848507],[88.55261310982968,21.809419101647702],[88.51208249414101,21.77978405119439],[88.59668640970767,21.657600904153547],[88.57221023863842,21.751827643341322],[88.57187666542731,21.753638850848507]]],[[[88.62919781336404,21.738938621788677],[88.59592561840873,21.784974802078786],[88.60053507625247,21.711929437364986],[88.62921526852833,21.735372135182445],[88.62919781336404,21.738938621788677]]],[[[88.58221798384155,21.746452379123262],[88.6139797559697,21.733028714390098],[88.58181730827538,21.747511020488687],[88.58221798384155,21.746452379123262]]],[[[88.14410982818559,21.653757166609868],[88.13025140870299,21.756695879065767],[88.07970786273542,21.780935335632677],[88.03350859014306,21.662925831971187],[88.14686068787618,21.645142395207586],[88.14410982818559,21.653757166609868]]],[[[88.39348958820939,21.714168272166262],[88.34518532754777,21.758220856711134],[88.3557832515195,21.690188875889167],[88.3938670908345,21.712807170042367],[88.39348958820939,21.714168272166262]]],[[[88.28783299729092,21.7298904757351],[88.29184597558265,21.772350619944632],[88.28542161184451,21.73472638970589],[88.28783299729092,21.7298904757351]]],[[[87.8957790174443,21.770921737836826],[87.87644685122018,21.745257467234545],[87.89823618103759,21.772935125570854],[87.8957790174443,21.770921737836826]]],[[[88.37138039706542,21.785510743336722],[88.30303392291447,21.779410229015344],[88.30674730587242,21.71452562286132],[88.37022038547103,21.77806022836774],[88.37138039706542,21.785510743336722]]],[[[88.43754080570112,21.789517994232124],[88.38231683049074,21.781989350729607],[88.4179750298924,21.727002141639566],[88.4360317887374,21.78750940377217],[88.43754080570112,21.789517994232124]]],[[[88.90318460563783,21.645264144038418],[88.93886875018153,21.692672115935295],[88.88199207786764,21.741132313091633],[88.89931501014352,21.64796614893736],[88.90318460563783,21.645264144038418]]],[[[88.85882488332136,21.75229688281359],[88.76822186557375,21.70519928317983],[88.81686914972323,21.708985933441316],[88.8360262235187,21.619414694364195],[88.85799045442363,21.751238328455607],[88.85882488332136,21.75229688281359]]],[[[88.7891836197407,21.66680132240458],[88.74507191508764,21.77596998565631],[88.77114253739573,21.808866973058223],[88.7814353180385,21.738503902465958],[88.82483720000516,21.865789520327642],[88.71590692540914,21.90450646582454],[88.69284703552188,21.74108231241329],[88.78748729775202,21.666592146501866],[88.7891836197407,21.66680132240458]]],[[[88.78689769929508,21.764085687530024],[88.82296427282492,21.82249979852291],[88.78544993934891,21.77062858649302],[88.78689769929508,21.764085687530024]]],[[[88.90084797259946,21.751622428184994],[88.85002425287453,21.862260999727845],[88.83595743682245,21.78846179648935],[88.9050562527188,21.750240972631488],[88.90084797259946,21.751622428184994]]],[[[88.91449777273036,21.93242484601592],[88.82124271895655,21.927758004311585],[88.90843315731404,21.75725524610593],[88.97074855554814,21.815555370478183],[88.97081524198327,21.906499450598147],[88.91530718085248,21.932977551825523],[88.91449777273036,21.93242484601592]]],[[[88.81293149786302,21.873211364822165],[88.8328151066024,21.89713744689839],[88.81027423004865,21.871847754286648],[88.81293149786302,21.873211364822165]]],[[[88.77910433181003,21.922874665616852],[88.71536624201605,21.92174391750898],[88.77803435835659,21.876691040228057],[88.78564043069814,21.92130918174923],[88.77910433181003,21.922874665616852]]],[[[88.47204492418594,21.799262782332345],[88.48636350207954,21.83552071561671],[88.46743504323565,21.800814995951697],[88.47204492418594,21.799262782332345]]],[[[88.58041311931541,21.813856523221634],[88.61329158627494,21.832108606021595],[88.5767913510417,21.815424280893474],[88.58041311931541,21.813856523221634]]],[[[88.65235411404085,21.869385675126736],[88.59714203881305,21.864853763437132],[88.6410255632991,21.789002250737695],[88.65343460586797,21.868499500375123],[88.65235411404085,21.869385675126736]]],[[[88.54100164906221,21.8280930603699],[88.55565599564945,21.882501758391232],[88.53625586828083,21.831284152304974],[88.54100164906221,21.8280930603699]]],[[[88.6564925645199,21.9179483267859],[88.63848336607933,21.87678782580949],[88.65959684929103,21.91626327588759],[88.6564925645199,21.9179483267859]]],[[[89.5988150783266,25.940352457337156],[89.56565735299301,25.95167135757067],[89.59592583226818,25.938760103716103],[89.5988150783266,25.940352457337156]]],[[[88.99407257707841,21.68434150919575],[88.97545099261707,21.723980339023385],[88.9940396628064,21.6887292037809],[88.99407257707841,21.68434150919575]]],[[[88.9986081053709,21.80999801082733],[88.956116054192,21.75966932301353],[89.07131221982856,21.611781760360575],[89.09280279872857,21.652181480243147],[89.00116018675374,21.811593560622434],[88.9986081053709,21.80999801082733]]],[[[89.01641680343334,21.874074956164698],[88.97396856848069,21.894281230828216],[88.95339455952971,21.785430895270764],[89.02329429177381,21.868087231523916],[89.01641680343334,21.874074956164698]]],[[[88.80204907294922,21.937415783088902],[88.7277268752726,21.979893385459604],[88.73664476820335,21.93399129840477],[88.80304049322265,21.935389811416822],[88.80204907294922,21.937415783088902]]],[[[88.14473984903368,21.85318881543449],[88.08420882565241,21.79251797841229],[88.13627906832686,21.75991447742638],[88.13668720170651,21.678001510202176],[88.17077858833571,21.73790709644185],[88.14645080008677,21.851156761407417],[88.14473984903368,21.85318881543449]]],[[[88.35480094734956,21.797404959849338],[88.33772920199341,21.85951151856265],[88.26219766892511,21.805286778972576],[88.35249588560188,21.79787388091971],[88.35480094734956,21.797404959849338]]],[[[88.47709635764105,21.841115597879774],[88.47465706153875,21.889759222225102],[88.42044019028836,21.90052541107275],[88.39886856538341,21.806504596376925],[88.45690417400832,21.796917571305688],[88.47303769822048,21.842266515976124],[88.47709635764105,21.841115597879774]]],[[[88.08827603433953,21.974722473797005],[88.13544199658551,22.015084564923562],[88.08795314299549,21.98032796876243],[88.08827603433953,21.974722473797005]]],[[[88.01482460061725,27.21170989137787],[87.99169625910534,27.108340618966288],[88.13307441119576,26.982324140064303],[88.1870866920385,26.77140087722113],[88.10540160764585,26.551079975441777],[88.14596066130146,26.522234971347526],[88.23278958974085,26.57104149850656],[88.18258345638385,26.5042315074839],[88.27336500171776,26.41903845475217],[88.23830322168101,26.380867598319195],[88.30050060823622,26.350423935335186],[87.97514832678124,26.1430977573785],[87.98231060891456,26.07272806091348],[87.85543328941415,26.035109826235725],[87.81079751391256,25.927962965080283],[87.82962705027734,25.871586613907223],[87.91570254192501,25.853398133867888],[87.90438759976148,25.77252722802519],[88.0496952568908,25.70224962411259],[88.02085958690053,25.57052095441204],[88.07701257103169,25.506816203480497],[87.8839857825791,25.52057094400913],[87.76662173961684,25.415081141272896],[87.84660861466043,25.264557619430235],[87.7113681685111,25.257683806627348],[87.7786681323055,25.250543539839658],[87.79572792827175,25.087319541451294],[87.96228739209855,24.93783846183846],[87.86864823128568,24.774337254187586],[87.81770027815021,24.760942703184593],[87.9077963990409,24.72131161802004],[87.91424937322253,24.637069839567705],[87.87517845609017,24.61375004698963],[87.90881903577042,24.585771627018524],[87.85199298891267,24.553935850040833],[87.77168511886859,24.58374679436591],[87.82826761179159,24.498590515889838],[87.80134192089378,24.383154883611766],[87.70596893432743,24.26044065355838],[87.63881459283047,24.25476795505612],[87.69512443089505,24.149163788873572],[87.57583179574759,24.160968709722923],[87.61023396802408,24.13242437847674],[87.55883617362863,24.08144673344929],[87.49754633703863,24.117872686876325],[87.51195634636018,24.03609891359322],[87.43793406561419,24.01295368800721],[87.46000803291757,23.984197860766987],[87.24538545667556,24.045068590882742],[87.29533071747743,23.90211276584367],[87.26947668527255,23.874445665156077],[87.2461958224018,23.908752468042465],[87.24066791892673,23.825832057563588],[87.12941783943259,23.86893614896234],[87.16726300535973,23.825119299061964],[87.12251583696629,23.796197843525142],[86.91566744199152,23.883221300838493],[86.88982099156762,23.819658177047437],[86.80543425539896,23.837535135829356],[86.799296843207,23.688978443540073],[86.46184447765711,23.629788818547993],[86.31014148405143,23.4118423813567],[86.14846858677393,23.465365211921792],[86.15862270526608,23.559499548932862],[86.04201188888977,23.586191742178322],[86.05413046300818,23.486938676060632],[85.87083493178899,23.475539686672708],[85.90263848006946,23.398522826464312],[85.819663238859,23.268486225659128],[85.89416296070375,23.15526662645409],[86.04368331496866,23.144936456187313],[86.18554644322649,23.00524708589143],[86.54699778488524,22.989415670893923],[86.43579743073533,22.92590443747673],[86.46729674837513,22.900891749568775],[86.41938051410214,22.79099668579424],[86.63504234500816,22.665607515004368],[86.65853663770892,22.575701225291443],[86.76581202331212,22.575703297332883],[86.80089687118708,22.48835641376159],[86.75109508211591,22.455807348558935],[86.84553727031745,22.39987172480918],[86.83315147435147,22.32447882756817],[86.88812216327932,22.297332960440947],[86.88673630084946,22.25739174605194],[86.79221149189628,22.266314700177197],[86.80222736325945,22.217930783006942],[86.72695651499838,22.216793096636046],[86.72179973521159,22.146751420454276],[86.79569746364511,22.15692329778445],[86.8378106072338,22.097698544082153],[87.02816239243333,22.03790301845277],[87.0016816622486,21.91391439788504],[87.03772648217551,21.868135077847846],[87.0986015953449,21.865816676923544],[87.1701418049097,21.979415026240474],[87.23585723396775,21.9570629294005],[87.276530395224,21.805178446021213],[87.44438053689146,21.768220846583294],[87.48621588276677,21.609766410246106],[87.80639282074961,21.708851789486644],[87.87034161758001,21.811046170081568],[87.9866327235467,21.87067527344867],[88.0485458876376,21.99740854601676],[87.99290255459807,22.075682989686356],[88.06012176344171,22.017895569324796],[88.16743836285183,22.07821348259431],[88.13617826567386,22.18538679377671],[88.01475647418272,22.20262339545869],[87.99535752270883,22.2458107663339],[88.03445802495673,22.219018285742383],[88.08176600635758,22.257085881467617],[88.06684453314419,22.209540328841015],[88.18315695972584,22.187303276487096],[88.22230194564834,22.07272965770927],[88.1457207599166,21.9552026787298],[88.25998968900848,21.55652559966143],[88.30281884647249,21.58171976951552],[88.30246146610976,21.669932054736442],[88.25593730791344,21.80102308665764],[88.30380384828322,21.842994761671317],[88.2539026642191,21.85986857046949],[88.26149274475199,21.96220122563801],[88.26065524541261,21.86487686762105],[88.31181407087449,21.859575473673864],[88.36357606025246,21.88208382153682],[88.35105000493127,21.97135007924978],[88.38174913745198,21.795086995204823],[88.38815963120213,22.004171672502434],[88.39109248777264,21.896777511782954],[88.44493439503695,21.91740237389516],[88.44597648208902,21.987533439490747],[88.47070990999443,21.901022276463515],[88.55406242835288,22.0514289141264],[88.4963104897284,21.879033813563847],[88.53203511954534,21.85318436981034],[88.54338702648451,21.904153496251357],[88.59357082952016,21.895583106843816],[88.63746580393281,22.04717837785342],[88.60764765370281,22.101058927629328],[88.67325980614758,22.204055143805583],[88.63188241421757,22.212686232660783],[88.64882708030038,22.24781078002631],[88.64039201027526,22.215768735654958],[88.70290244263904,22.208725147937663],[88.63742013538041,22.112526568485702],[88.63841037167428,21.952129939104395],[88.73826314786636,22.013658358232707],[88.68706931685449,22.077446993379542],[88.76107991501023,22.148100746258077],[88.70335749592432,22.07345354499769],[88.74110742605832,22.053259393142323],[88.78335965939574,22.108911187688747],[88.74648095584844,21.989534163609573],[88.81680463990607,21.968220446380712],[88.75675731618615,21.961124597959444],[88.90120649292432,21.930987460040818],[88.89235932345754,22.068237611271186],[88.9278645478512,22.104925434920084],[88.9209369128566,21.983949700551477],[88.98733535977121,22.11012208246023],[88.93046157374431,21.948935019709968],[89.0076499038271,21.902774702275213],[88.99515225952345,21.962197958953844],[89.06885678189892,21.948810251669553],[89.04244427426842,22.10121294291949],[89.0956206368067,22.16035895742422],[88.98465054511865,22.326448677788477],[88.99674967520271,22.468861942705406],[88.92611995668737,22.64977713552529],[88.96263879872508,22.69330857051234],[88.9122301931879,22.75857152412944],[88.96950296504991,22.843997793805286],[88.84612966984231,23.009404901828407],[88.87941612734939,23.006015595375676],[88.86756649714897,23.09999309302588],[88.99440384611079,23.21415507656661],[88.71855641560981,23.254811112893695],[88.69581635021821,23.302202942657445],[88.74505161675548,23.30773416326666],[88.7997983817341,23.4964964612818],[88.7406109388789,23.48013651241987],[88.55805474000319,23.64871827599771],[88.55643201159586,23.78349328615741],[88.60225552159977,23.81668927105909],[88.57531931053168,23.86092393413881],[88.66731259694565,23.86974498927377],[88.7689130158786,23.982615968628647],[88.69443247126851,24.112015665811114],[88.7468053392942,24.14781638622698],[88.73542514350842,24.27605273264356],[88.68345419611391,24.32437009958799],[88.52530666081216,24.315372145200726],[88.33491564169262,24.443090506153737],[88.1897151113559,24.476233421924846],[88.02441569371685,24.688135386490416],[88.1743937854331,24.861046945922542],[88.13749045187735,24.936029718729877],[88.22588711925229,24.959824148366835],[88.25807590375415,24.878311523586795],[88.32785317765872,24.871300671120782],[88.34006760291625,24.940662859711217],[88.39786052717555,24.945612361807424],[88.4526261352156,25.03670160275359],[88.44187683254204,25.1987017109859],[88.71200125806465,25.207547081030803],[88.80624319831466,25.169658843977697],[88.84324766690003,25.213370056225184],[88.92062081547105,25.16537096404756],[89.00873321546591,25.299855640803415],[88.8400565851095,25.363474187263638],[88.81125205521856,25.523372493839997],[88.69856392297318,25.47077746136892],[88.53976207637805,25.508543481489408],[88.44535298839976,25.5964704302393],[88.45460746928771,25.664020345023122],[88.26141895264296,25.81367973502007],[88.11511260966618,25.798789850786946],[88.08688447299754,25.916641044275373],[88.18220170293084,26.026689028569315],[88.17874892303341,26.14955207218004],[88.35079983131118,26.221500333723387],[88.34847751292688,26.282171634169234],[88.45635766953217,26.377162889828274],[88.5220785360926,26.36071059041672],[88.48449991019169,26.461073936493946],[88.37281481792793,26.489195391191625],[88.35346417964662,26.44820699516435],[88.33151228530554,26.48283360260547],[88.40975679161733,26.632284315916298],[88.4337927145355,26.542239601283075],[88.55810512830408,26.45725115207086],[88.62068014953678,26.469158634494246],[88.69959435438444,26.329969904759764],[88.74368937013614,26.346633283032673],[88.67276797942782,26.314529463589697],[88.70602973416291,26.28518906186206],[88.6639387618937,26.258262837490268],[88.79344016095035,26.31031879407396],[88.84270264194916,26.230807632484932],[88.89818574159312,26.288781104671095],[89.05101673981963,26.241494050968388],[89.0591175584056,26.29381909182646],[88.99572442347737,26.29044835350855],[88.98638389476498,26.34909067827143],[88.91086503153544,26.368319469336853],[88.96495156981456,26.45816755797846],[89.09633780142391,26.390682468182074],[89.1551947468996,26.138667563251182],[89.34914268042088,26.010414532519896],[89.42381346485197,26.046874242354132],[89.5553386972768,25.964615927477713],[89.60518325334203,26.063889700171508],[89.64990764405313,26.06345348781612],[89.59358996998435,26.10152858419075],[89.63007648524828,26.117732912818855],[89.60737725277788,26.179291929278293],[89.65856493751662,26.176106181990114],[89.63418185347035,26.22931611023949],[89.68564882263426,26.230729432866397],[89.70129710208276,26.151484790738518],[89.73669199898649,26.17204852848736],[89.6986022784013,26.19076146661001],[89.73401976434111,26.209950566783014],[89.70049167529397,26.217949893504453],[89.71984420722389,26.307031475179787],[89.75715258934461,26.28878088157381],[89.85635842671687,26.384252381028283],[89.874198263082,26.584009788207325],[89.85107321030233,26.698487213403503],[89.62005640797292,26.71573125942472],[89.63994830726405,26.77730318357015],[89.54769203725405,26.813077499290205],[89.45445338312406,26.797931064836433],[89.36969045317569,26.857274054908846],[89.12671056612042,26.807263290678236],[89.08937193413082,26.889338830601712],[88.94120315539797,26.930918391849623],[88.91728326786505,26.998087149139916],[88.87047913084578,26.9445738742779],[88.86789060391358,27.106256271898275],[88.79942183132322,27.138938696431584],[88.55503332212206,27.184073359038823],[88.43064887155253,27.079449114794897],[88.30200401791595,27.128943787360864],[88.15361405060399,27.10977387532254],[88.01640989981995,27.214264658421765],[88.01482460061725,27.21170989137787]]]]}},{"type":"Feature","properties":{"name":"Odisha"},"geometry":{"type":"Polygon","coordinates":[[[81.39607140430347,17.819951703982543],[81.6172208213963,17.823140620344567],[82.03065173786955,18.07004227499658],[82.2645422418097,17.99562388457612],[82.25993648502491,18.042587525275167],[82.33906238864907,18.05553891647837],[82.33809893652372,18.150574045859052],[82.37065397404838,18.14890461313267],[82.3091767830261,18.20483256154162],[82.39063778356947,18.298686835370855],[82.3365136121682,18.327441676227068],[82.38383817736748,18.368237917298472],[82.36250511086604,18.422271010876628],[82.48105439191252,18.549439932056053],[82.5613695625649,18.44852286590551],[82.53550225056516,18.406203489916038],[82.62120006261964,18.35974202224911],[82.5795822518752,18.315898254937878],[82.63597050657587,18.237452308413005],[82.64092846763074,18.302768957062817],[82.77253979728734,18.341164831838533],[82.80141166668864,18.449984251567216],[82.9379780477569,18.361563317200115],[83.05272953654804,18.38071589462449],[83.06543546692843,18.431049054777127],[83.01908458566558,18.457197059706576],[83.0931547043954,18.54761711508343],[83.04313656417284,18.545431137449036],[83.01126875131528,18.647001822368388],[83.13715228258316,18.786304298858674],[83.21055831724765,18.73152381196543],[83.22272297673673,18.776025240536658],[83.40393298458218,18.843273500597466],[83.30881325285733,18.999777944784782],[83.39869707849019,19.010284920123887],[83.4598989843869,18.955696592565207],[83.46606179374861,19.09403203523366],[83.53529086356451,19.01165681208011],[83.62410001306341,19.163592843438774],[83.77626052133824,18.91230221324329],[83.74318350514135,18.989813886682605],[83.7927209532621,19.018880704893114],[83.89116658413862,18.81541834118213],[84.03648167123366,18.817339839618054],[84.08924055881165,18.758482556064166],[84.31897995411211,18.787960366782166],[84.36290633362708,18.839975999038625],[84.33065589325571,18.88304619065548],[84.37231564005253,18.86272573313972],[84.35812168992989,18.89555134147566],[84.43604308301376,18.921814217413676],[84.41904914074435,19.022907913238306],[84.47395560102768,18.99029928438464],[84.57075204092524,19.074633038538536],[84.59881131408343,19.025706049819526],[84.66874910974278,19.077207862171615],[84.59339876417232,19.133345877919794],[84.66520619019481,19.13074747677233],[84.66879067748589,19.166945533448175],[84.76511398819808,19.07691680817284],[84.93016157392698,19.276244772179115],[85.34612782449123,19.584797515549113],[85.7808179973906,19.78146483125906],[86.39134607217505,19.95686982576753],[86.52376595116439,20.173483477510413],[86.78313428634314,20.33000180079714],[86.79673811249441,20.49269645367139],[86.78560139967652,20.383791595549074],[86.70969325690847,20.39625431550689],[86.75217704268849,20.51796814097646],[87.05564963997816,20.715043005856153],[87.02212846795871,20.77034770870425],[86.86086761442738,20.774791014142153],[86.80543917098022,20.73295742681144],[86.97769547635271,20.823283013134805],[86.85185797026844,21.09665173369899],[86.86325891264568,21.222601878757445],[87.06775023970604,21.46286278126749],[87.22063270511009,21.536034917090273],[87.3941124691872,21.532968799422626],[87.33603575814648,21.577122392750642],[87.40762629492677,21.545671568738697],[87.48415849013618,21.60269413029223],[87.46919241826387,21.73221446872666],[87.276530395224,21.805178446021213],[87.25512166632113,21.9267181416696],[87.17084480039993,21.9794238454682],[87.0986015953449,21.865816676923544],[87.03772648217551,21.868135077847846],[87.0016816622486,21.91391439788504],[87.02816239243333,22.03790301845277],[86.96497931955113,22.08587415961668],[86.72179973521159,22.146751420454276],[86.72528549226305,22.218769528221976],[86.4968712530422,22.347209692336264],[86.43273436605931,22.306492745669704],[86.28337679460873,22.447826514918233],[86.11845421214656,22.486686478551857],[86.0468691856322,22.56732884175727],[85.95708126863066,22.46481039428924],[86.02703101008665,22.395107230775547],[85.99799471305576,22.34160496804155],[86.04874309197615,22.307983710692653],[85.97383534544785,22.247066035462502],[86.03125535118492,22.189993176891246],[85.90725576493429,21.970345717921315],[85.76599721723575,21.994906527953567],[85.7955999056465,22.08073310943463],[85.83830882810135,22.079510595586594],[85.80737954720483,22.11609986694699],[85.68523388247797,22.05451656887416],[85.37103698083251,22.160975997934827],[85.23809902904574,22.009334106891856],[85.09848362217275,22.105899513858052],[84.98687162582365,22.08264074282158],[85.11695447022772,22.294448911762544],[85.0671553671192,22.48425962300972],[84.8861708723427,22.42014446430549],[84.81020759098254,22.453307029244222],[84.53525364911765,22.427038544859293],[84.42940672675005,22.35248877541007],[84.29146180541981,22.342853962984957],[84.1562836700118,22.40768782229489],[84.13396952554082,22.47813908912924],[83.98176356071596,22.52284750569702],[84.04739541950312,22.4691756769261],[84.0104383271675,22.371535451923382],[83.64964634802895,22.22328513864336],[83.56271110128073,22.102961067851016],[83.60660580979207,22.06662680967778],[83.53655195539129,22.039487764025246],[83.53913848536865,21.965923160605715],[83.60574219103746,21.914087656654992],[83.5909167162869,21.851214536987836],[83.46888663239775,21.78732663065116],[83.49067483033794,21.744493567390396],[83.41814587478427,21.679862390506457],[83.48973523117827,21.63138744802249],[83.38268562364703,21.620242233603808],[83.33800013178436,21.502017817206017],[83.40629729022284,21.351182434587873],[83.26884265410331,21.378502906719753],[83.27141820846452,21.272848827947403],[83.22202654703294,21.266048493170597],[83.19821405129557,21.14534786279452],[83.13135073250962,21.10575245468633],[82.99049785231526,21.139712502966162],[82.96503810057008,21.193180272125264],[82.88227726745495,21.148333867921345],[82.64047106165772,21.154754071474265],[82.62934201955406,21.03846090646776],[82.48808025588677,20.90866971505584],[82.46539622560596,20.827770118833804],[82.3508196432922,20.889519216547434],[82.37653962889041,20.632422753199364],[82.33212392895531,20.562050965307158],[82.4380102514313,20.434212532355748],[82.39920885224039,20.056617434003563],[82.71538570994237,19.994747115587636],[82.70731088860069,19.835062856041258],[82.59179414927354,19.775886723505767],[82.60341134129249,19.86701358231972],[82.44597468240096,19.910214226114373],[82.34530735163847,19.83585321507943],[82.23746355254764,20.00350022584957],[82.18424051175059,19.984210503921087],[82.0704538854398,20.056992901859],[82.03254630187175,20.015765611927268],[81.94637148080817,20.105152059670246],[81.87090725041924,20.044190476506557],[81.85314535548144,19.918497323247603],[81.96811967766703,19.859915181419673],[81.9859350205676,19.801134596427126],[82.06553438485554,19.790679113242966],[82.02904306629979,19.507686229696624],[82.10023979693088,19.516612249820657],[82.12612569687047,19.429109441147872],[82.18942651553022,19.427553439517677],[82.14709371049832,19.365355922742836],[82.19410481486746,19.325960048412174],[82.16607750376706,19.132724933802457],[82.21839627794127,19.097295052238536],[82.24603383070111,18.91913875485334],[82.17612699547807,18.902696742474888],[82.1654155172679,18.798652727171643],[82.08495505489806,18.718621229132385],[81.89375171082665,18.657486626209238],[81.96362219662007,18.59047144009687],[81.75027962802977,18.353626915699266],[81.52545844602781,18.258126301172616],[81.4829333934403,17.976845168158466],[81.44461545226393,17.885784163550777],[81.39925205575523,17.8919470035956],[81.39565091190217,17.819668703996946],[81.39607140430347,17.819951703982543]]]}},{"type":"Feature","properties":{"name":"Bihār"},"geometry":{"type":"Polygon","coordinates":[[[83.5032947551147,24.52543975680424],[83.87268959879364,24.532201235142594],[84.00835443513434,24.64280078336329],[84.1083415723435,24.477495142997405],[84.14564080332643,24.537534084606058],[84.17822595058277,24.505159948161996],[84.18831388120478,24.553309318877748],[84.2568739172381,24.526925529763307],[84.29722319720688,24.560478395612307],[84.32752928624808,24.50033035078008],[84.29741128196949,24.449046058058354],[84.4243963867276,24.32982489871428],[84.50502740503389,24.331365803496066],[84.49621829449077,24.28632737317969],[84.56754894776105,24.409209774525863],[84.66529389541095,24.390981663141893],[84.68641500891268,24.45673510419424],[84.80218797470833,24.53063336658868],[84.83984694862319,24.452359728717397],[84.88738085002981,24.463188265922643],[84.90391216711441,24.372219173714676],[85.07952723919827,24.433482011592748],[85.08900057574056,24.372390090297024],[85.17394443986188,24.420586866104603],[85.15264619116255,24.455174187176564],[85.39170966702247,24.529937158290718],[85.37081855816612,24.555259248032357],[85.52382276415578,24.52096598408854],[85.58063013234383,24.60075686246139],[85.66799870213062,24.578982457721303],[85.6490190123661,24.6845887511987],[85.73668833631336,24.820782013190378],[85.86725381138359,24.804682408078726],[85.94534914974753,24.732960312659912],[86.05529386304778,24.779738484569254],[86.03690629600617,24.740668855215933],[86.12854129745388,24.69874778782217],[86.12460550151307,24.61128275362537],[86.32280732082403,24.586905525669074],[86.27613316822978,24.46591216118944],[86.4447626208641,24.367793992150204],[86.49971210505961,24.509885044272103],[86.60341513961122,24.608160249266582],[86.66938257575084,24.56618560196154],[86.78701578541327,24.616453037710173],[86.80209457159921,24.570284354216163],[86.91644128311657,24.545150505623994],[86.93980204574197,24.65255544660787],[87.05107242805985,24.60855888838768],[87.07447451498493,24.817743820952447],[87.15671513282068,24.881013618677645],[87.14576730785927,25.019334026697774],[87.24130620607207,25.116925919337696],[87.29550496908297,25.08856273448551],[87.32752632558217,25.223641652742558],[87.47810605318018,25.19440699825097],[87.48739943471315,25.297323570067842],[87.54297343577906,25.281060279407285],[87.58402540221759,25.349452022007856],[87.69199746276466,25.311614877324864],[87.71104033463637,25.257627128747185],[87.81849243951719,25.241959472988167],[87.85342071822467,25.290031019176187],[87.76485907704442,25.383899550895528],[87.78704738820538,25.449283577170064],[87.82404607613189,25.43651790651251],[87.92709001855617,25.5390402198844],[88.0732085983672,25.483682677968787],[88.02085958690053,25.57052095441204],[88.0496952568908,25.70224962411259],[87.90438759976148,25.77252722802519],[87.91570254192501,25.853398133867888],[87.82962705027734,25.871586613907223],[87.81079751391256,25.927962965080283],[87.85543328941415,26.035109826235725],[87.98231060891456,26.07272806091348],[87.97514832678124,26.1430977573785],[88.29974145995591,26.348781458529185],[88.18258345638385,26.5042315074839],[88.23278958974085,26.57104149850656],[88.14596066130146,26.522234971347526],[88.09810175840819,26.547515590764174],[88.0991513805289,26.456118327748936],[88.01923952379465,26.363799917235443],[87.88840030151461,26.486835339876603],[87.84829903112443,26.436949329778898],[87.79212066599327,26.468957224782844],[87.76669532152006,26.410945299869393],[87.67708402498148,26.435554657801095],[87.6052506448338,26.38090967061552],[87.46371440811801,26.44019774361862],[87.36800230483695,26.40808521935681],[87.34024963387172,26.34773755143224],[87.09113680464132,26.450771983889695],[87.0707462873669,26.58652152773352],[86.89347929522225,26.46152213373662],[86.73017646235395,26.422457214236445],[86.3328319723208,26.619473565988915],[86.2179381867954,26.588631812207083],[86.02727627890528,26.666270272118503],[85.84992422977794,26.56845568733841],[85.85073565910947,26.60853543563104],[85.73234782238755,26.653619977067244],[85.7292471443523,26.80865713329653],[85.63519282084265,26.872382019127638],[85.33434359254181,26.741718631778806],[85.21191163473388,26.757883918916715],[85.19052789786052,26.87020609140584],[85.02307865633807,26.855233777229667],[85.06085989545467,26.886925505483557],[84.96872374187626,26.9157480612685],[84.96216939461145,26.96057126941388],[84.64327601981222,27.046464544150513],[84.69137969834902,27.214936684439376],[84.6201546788713,27.339288955806197],[84.29413406611627,27.382421531212586],[84.1468437319335,27.518400306751577],[84.01632214944635,27.437165348233446],[83.8480971084715,27.448824834973646],[83.88404840299755,27.37082339935459],[83.83675890533196,27.32227755225004],[83.93306303611453,27.31109965829397],[83.9052570204928,27.257409400256567],[83.99422724870189,27.175205839767653],[83.9465137893414,27.090854995057725],[84.0303797730381,27.0976637358807],[84.00010474684115,27.06862019494861],[84.04954478794069,27.043304248208052],[84.06029560697044,26.888168819743253],[84.14644804111883,26.885456754946972],[84.1661360731461,26.833827922570116],[84.25409777087062,26.85658865273496],[84.24070685172985,26.738755416819824],[84.30611865920501,26.749566236713168],[84.4199291259051,26.62689725927527],[84.28148429571252,26.59956165107381],[84.0865361734623,26.639172878473087],[84.04779252785929,26.536265428766537],[83.90812154311797,26.519106896366825],[83.90805515402522,26.44711833944555],[84.01733994784978,26.447636273907243],[84.07926429057609,26.382661103562526],[84.17694334859652,26.370691120964928],[84.16628757491709,26.24109102238951],[84.01903244391364,26.238868495303198],[84.00945124396027,26.175468549011033],[84.17005906989078,25.987719670776475],[84.53402124229454,25.876276895360036],[84.63468220669664,25.727959668538634],[84.56031941684726,25.736943670940835],[84.55745037389956,25.679568310138293],[84.53974363372359,25.72681299673293],[84.49921910142604,25.67487711905561],[84.33664057298476,25.743578470198106],[84.32396371657853,25.67036409859583],[84.27645487816837,25.659351044390377],[84.10445937438406,25.72101342421086],[84.08130833424157,25.636469487518706],[83.81658138310301,25.462783562859677],[83.84637850736547,25.434375438353783],[83.35727623774486,25.199699871840995],[83.32023795297891,25.01728210271007],[83.39312431045488,24.782968256374655],[83.48937186174757,24.73647251959361],[83.54798316201048,24.62329658554658],[83.50326956365917,24.525619581487295],[83.5032947551147,24.52543975680424]]]}},{"type":"Feature","properties":{"name":"Ladākh"},"geometry":{"type":"Polygon","coordinates":[[[74.133484414022,35.10748800859642],[74.26867043034991,35.03503015374844],[74.4982884174413,35.10665193004428],[74.58728025821796,35.00956992126686],[74.57616138718748,34.89933463448614],[74.6649177130002,34.90193078000016],[74.91005534900017,34.77670482800005],[75.07098227900008,34.82834861100014],[75.07261743800012,34.90411099300013],[75.22005430400014,34.81131570100018],[75.26235653000009,34.72059117500015],[75.20752292800017,34.638905107000085],[75.36333544300015,34.53813084300003],[75.32860708200008,34.43735658000003],[75.39530355637544,34.29298436387256],[75.68718981900014,34.19741460800009],[75.66853572700018,34.14482594600008],[75.84356667000014,34.00372957400009],[75.83255281800012,33.95689589799997],[76.02455104600017,33.98061040800013],[76.03342615800011,33.91957066100014],[76.26542427746165,33.74647749401953],[76.28447828844293,33.66133193881592],[76.20545304463963,33.56780754255345],[76.24570421690134,33.54563146039493],[76.3571858308718,33.60455288396844],[76.581567504036,33.42604534680498],[76.62631325578627,33.436798888750445],[76.73697224831517,33.261204626562574],[76.84315982890642,33.246871653589835],[76.81754454285293,33.158377559570965],[76.97161719156682,33.000452089745714],[77.14972556197627,32.97814603210874],[77.15714331509493,32.911690243830954],[77.34995910455864,32.81550619813584],[77.40531228984622,32.8831655078571],[77.46900668199149,32.85844811674957],[77.71305201858443,32.98256852095428],[78.01667880540444,32.6195039861364],[78.14265494219832,32.681816724878495],[78.2459396960008,32.67183264389332],[78.38771674139986,32.75693213546174],[78.40517148886732,32.61942185163824],[78.31284689659007,32.57371429430494],[78.32643879760595,32.47201920562683],[78.45844213318793,32.579780100465484],[78.619496875464,32.596482024749434],[78.76768600732606,32.69681265420138],[78.8257763754541,32.438489310827435],[78.98394658872519,32.337822425423894],[79.11360967195662,32.38401741778415],[79.13593242228802,32.47673371928164],[79.31923253311845,32.59250961086184],[79.44660030671292,32.53230471134634],[79.62565211388483,32.73912319665112],[79.33045349263858,33.01181546734648],[79.39223680435697,33.03593243083674],[79.45189538303595,33.26012046744631],[79.0958322442491,33.29431805426947],[78.95219596828304,33.380832556859275],[78.91524188260854,33.63202756385641],[79.10557909803254,33.61658114594724],[79.08967503049337,33.686689887989985],[79.01903846951058,33.705426280037614],[79.0587782982546,33.7800029353711],[79.01526866067462,33.77837760448824],[78.90478267468637,33.97722438549886],[78.95054137034424,34.02852963952802],[79.11108511585218,34.01938091444032],[79.16972909952028,34.07252984021028],[79.43220147602676,34.022650096971915],[79.41881062246301,34.07779609412074],[79.59059971046304,34.28130576676165],[79.50695763634235,34.473916224636184],[79.7924421572788,34.48469555090901],[79.77432310925207,34.627223293237535],[79.85906556210347,34.688380694063085],[80.06741194003524,34.71440564394709],[80.07152084582293,34.82805157669344],[80.17311279274458,35.00193775171289],[80.18189177469128,35.16632600868081],[80.32697716795815,35.4721490633346],[80.28983988884795,35.606981920862324],[80.10646164614712,35.68047974269575],[79.99754845930454,35.837291046772805],[79.8694810157831,35.7825690325634],[79.73594290404662,35.80154642533654],[79.42051181152391,35.89605299389126],[79.37652229841069,35.994803571121906],[79.21393485329196,35.97829497041482],[79.1310174339414,35.83574111923929],[78.95901018827806,35.892108654249],[78.66349658535376,35.85689939899828],[78.51983154802713,35.763286139728564],[78.4217956746844,35.78483412847868],[78.38468117056158,35.73502495980199],[78.2719359674478,35.72147056212111],[78.25367090186478,35.645155329269755],[78.19826723035993,35.66867811740326],[78.13592942275284,35.53839629949431],[77.95111683824138,35.60649644882568],[77.92987119668175,35.515279440279016],[77.98117736381647,35.455394500132],[77.73225591167426,35.524069416455234],[77.72162858943659,35.47505256340679],[77.38063684190422,35.4760501322084],[77.320946188878,35.53631550037517],[77.48529310934651,35.53152461826511],[77.35714991269384,35.71721862573946],[77.22691523234556,35.71198153770206],[77.11441028185789,35.79726917215572],[76.93398979792585,35.78354358802392],[76.81057292544375,35.844282838768265],[76.72156176729538,35.95290000982175],[76.80063375313796,36.04732174618687],[76.64324790026376,36.18347969333627],[76.5617831043383,36.17251294752435],[76.35124351119993,36.35930296302456],[76.25360852901889,36.347223921787645],[76.07615817185996,36.47369102143796],[75.76827272829803,36.57273425076846],[75.61540456676823,36.7609851934875],[75.47315473534019,36.81013151336168],[75.34276276986708,37.05183086474875],[75.20793837484825,37.03616258544895],[75.09495242234016,36.94215044647791],[75.01774262881014,36.97572748435334],[74.92118512550678,36.90544706755952],[74.83908708827306,37.02164806322554],[74.74906824225963,37.01107895191461],[74.69498057569666,37.077491176566696],[74.5808969654546,37.04278410888929],[74.57774904322184,36.94794446668641],[74.42898651312049,36.989378909584445],[74.26047305724387,36.885916134331296],[74.168209487524,36.901889586038465],[74.14184247057943,36.83945277860062],[74.05491528351581,36.80576646727178],[73.87791873996724,36.893743473631616],[73.68948937283199,36.911464943058604],[73.72368109858348,36.8333386385944],[73.86891885241062,36.78155775976256],[73.89370720331249,36.7010485529305],[73.6323557850418,36.68942434611438],[73.44075591831586,36.74446540809902],[73.08467135021789,36.69906810191361],[73.11172082447035,36.609445528791355],[72.99525990996534,36.51426291726068],[72.99131864867428,36.457465200246645],[72.87874630387927,36.44268953588613],[72.86566096464878,36.37283063626961],[72.69327680565505,36.249467384457546],[72.59641456056966,36.26361792095264],[72.55086561524251,36.18053462097515],[72.5303944499168,36.07403567774418],[72.5953460819128,36.026732518582435],[72.52936520607835,35.92593724440246],[72.59756038596902,35.87273521341962],[72.6904512133193,35.83227941917471],[72.82951819242322,35.886761954404506],[72.92868797950484,35.8449476984469],[73.09968310860887,35.87763875306507],[73.15343719207954,35.841083035364875],[73.13550771552718,35.718601670397106],[73.27197087927084,35.62918718908827],[73.40604789214291,35.56344834509724],[73.63464969779858,35.571282464407886],[73.78408143775209,35.52511074228187],[73.79431142346169,35.45961367964867],[73.69963230101058,35.35783451711586],[73.71556355157043,35.2254602321529],[73.81075678614667,35.241935067063366],[74.11333918532915,35.15138324230884],[74.13386081710917,35.109385802501606],[74.133484414022,35.10748800859642]]]}},{"type":"Feature","properties":{"name":"Rājasthān"},"geometry":{"type":"Polygon","coordinates":[[[77.28369488032048,27.80108255520394],[77.15995891007982,27.81750376066979],[77.13521031322256,27.775938080402],[77.04478851171889,27.821833301642098],[77.0265671123436,27.779256289256143],[77.08565183284607,27.738106559223123],[77.00008835755415,27.736985518973427],[76.97908642803273,27.653612087612277],[76.91054275930387,27.654688296606643],[76.97053708601528,28.138448502856356],[76.84847308982584,28.22164716322025],[76.65724817989943,28.08931270446216],[76.668139026519,28.01384028477728],[76.54812381081155,27.963851840469783],[76.54380594251575,28.03422037355829],[76.45465509993393,28.0423239823817],[76.50152197978419,28.06006313954058],[76.44782557354475,28.088960153993927],[76.49916612639203,28.100240399870266],[76.47572146201739,28.148585994480744],[76.38072378888181,28.133405415277235],[76.29226174840869,28.17921600594131],[76.3598582514683,28.12491441801643],[76.30144015187352,28.09786257646583],[76.35560359133082,28.070722392170115],[76.34231064245498,28.030563232761388],[76.18040387148827,28.054515718988736],[76.2147388381034,28.026578187060625],[76.15777992233029,27.98897276794449],[76.21732736054406,27.816802837726986],[75.97137211852048,27.851956598389656],[75.98748351004069,27.904152993619352],[75.93239627099297,27.930129983767312],[75.97270865625468,27.932656994874435],[75.97272966515425,28.02362439345322],[76.04079173088962,28.07404602371675],[75.98442223211377,28.04707744994903],[75.94560815679587,28.107155238143616],[76.03179555247681,28.16785108904976],[76.09544126761179,28.15086053892688],[75.9182313795731,28.372002297985144],[75.77676252279181,28.40041585790184],[75.78827518864097,28.453560920786117],[75.56149396533407,28.613221116361956],[75.47336689674893,28.92338929698415],[75.52179861756959,29.003874862226763],[75.44570223732536,29.008301249467966],[75.37147440856765,29.13809775606301],[75.41049835728538,29.255689255213788],[75.34981741676128,29.223778989279985],[75.32293364754284,29.289478097834618],[75.23836710279029,29.23024434862051],[75.1879898421683,29.268268057835137],[75.07551157883117,29.229695063050187],[74.85051890754318,29.40360721227946],[74.59925183112487,29.327458506498367],[74.5346190588338,29.44770786497685],[74.6218572525301,29.522243971132674],[74.5749328535522,29.5643194595746],[74.616092094107,29.752155861702988],[74.47378148356516,29.76834108315663],[74.56103623051722,29.869643852978417],[74.5100195068552,29.90819274202544],[74.5271597397686,29.94278637118108],[73.89468376185788,29.973831442243775],[73.9725888702823,30.198127560826826],[73.8062347532446,30.067678359211545],[73.39699061661265,29.945880838385424],[73.28242142743372,29.571966235183602],[72.94523685505989,29.02773503166105],[72.39216362088266,28.771941016062584],[72.29929864075804,28.669502190393537],[72.20611721829479,28.39412402724347],[71.92773446088935,28.12161360385348],[71.8982659735955,27.9615331595678],[71.66597639954401,27.877770605240695],[71.20512550600849,27.83534678454248],[70.8716106099608,27.705557247483192],[70.73946152182565,27.741882128552312],[70.67705904000958,27.921813252221344],[70.58917220159267,28.01044668438217],[70.37191892521082,28.011794687524688],[70.13220090449552,27.805608621740884],[70.02565331596921,27.562880454230196],[69.58690286039355,27.18353288172891],[69.48422685443494,26.80489553583903],[69.51008650560189,26.74357252253747],[69.79168573388273,26.598305697932332],[70.05602328510854,26.60058496530485],[70.17402977980582,26.551401439766384],[70.17492547829752,26.251373462272927],[70.083184406476,26.08342885286408],[70.09951715995022,25.938344584969506],[70.26837380909629,25.71377813821129],[70.38674341630613,25.67391934614868],[70.6598314701893,25.702197519089275],[70.66451003542788,25.397065768745456],[70.8881684650755,25.14834688443521],[70.93737446270421,24.938815389319483],[71.11201349546893,24.67567759228883],[71.28758462196912,24.615841462265074],[71.5027008332395,24.682750312035505],[71.6553790954098,24.639065118123483],[71.79153773656051,24.677216033050723],[71.85217618228009,24.609244983544574],[71.87176205789328,24.68164695914294],[71.93988163107818,24.63368749093553],[72.06131965782146,24.71200090183998],[72.16481841637575,24.62117683497934],[72.34738276566605,24.628410384664303],[72.24640647642954,24.58549486424176],[72.4414459402762,24.514957237335352],[72.45725322153001,24.414694222139335],[72.50035338274891,24.41694430856642],[72.53895701244016,24.519513533266426],[72.68337049282387,24.463776250340135],[72.7308703121486,24.364199530735913],[72.91074011174356,24.337115948649394],[72.97512572156738,24.36870331801703],[72.99111467091771,24.477796107954315],[73.0872393263913,24.497950371905503],[73.07651219863055,24.396508080824006],[73.21927252107501,24.363806407761928],[73.06745417210877,24.194596939489507],[73.2428035360063,24.00219505456202],[73.36200680315602,24.104574971973523],[73.42084164468582,23.930740835049082],[73.35186240713021,23.79131067915264],[73.50741293809838,23.70295898892337],[73.5231029119525,23.606818364331705],[73.5726724146575,23.653683446852437],[73.6556742756448,23.621208238510203],[73.62722950934707,23.448492110264954],[73.69741995797666,23.456592844754255],[73.72082572979106,23.41005607925418],[73.75575044398346,23.454244401269673],[73.82872699860216,23.447618709250325],[73.89194900357043,23.33403944943464],[73.96237026353252,23.38082894180524],[74.03818695241472,23.293373672363412],[74.13881563855205,23.265982319346996],[74.12780861910495,23.17604294558703],[74.24706716408569,23.18435871597558],[74.32985910406242,23.06127037826231],[74.38614457981649,23.11146729278297],[74.50576569382905,23.085121737479206],[74.74153757629966,23.2083593413509],[74.69184009870091,23.21918161770257],[74.69975878476139,23.268379652040814],[74.54667463499962,23.277038427578017],[74.51415541240704,23.328243267920623],[74.60406044995867,23.45745702765649],[74.93651696531165,23.628550816697626],[74.90249829820303,23.873155886913292],[74.98244480924596,24.025701971680185],[74.90334826166698,24.10919256978814],[74.89684529354486,24.227115060892444],[74.74710440018272,24.253402061422005],[74.8542251479963,24.444498056921514],[74.70872383205801,24.486418956176717],[74.8136403818623,24.649539029357577],[74.77176276665959,24.661445139050194],[74.79989786122103,24.779140524995007],[74.88883687297403,24.63362636400426],[75.0162896397707,24.731925090639933],[75.00096323028174,24.7746363266522],[74.84932090260216,24.775922680026156],[74.84309762853701,24.968950053911005],[74.92399834444778,24.877906501074335],[75.03403866544376,24.844593955780486],[75.11681861470811,24.8778572083731],[75.1658127545585,25.047563103379797],[75.33433439408735,25.041055426221877],[75.31844139558912,24.89410315612766],[75.2610533357402,24.963401314240645],[75.29428258314007,24.90890796357397],[75.26342841757099,24.874801500069346],[75.42566122308696,24.868766615160798],[75.31105358062393,24.800933760130658],[75.22423800025135,24.843956999391295],[75.25235616785788,24.81304415322303],[75.18443119311972,24.748448538163167],[75.21943808609262,24.702499166799825],[75.583096230875,24.71325172924793],[75.61083554299363,24.680981145519194],[75.75682849790375,24.761506083794536],[75.83389228555552,24.731437098403457],[75.82516288881583,24.612992416038136],[75.91474567642054,24.57229927906008],[75.90919065550197,24.455028373941417],[75.83878701958744,24.41413082412865],[75.78938569048674,24.471554215049697],[75.72776832634756,24.390467644714004],[75.83025953447918,24.233418699283618],[75.75101578087289,24.143434020873208],[75.83681101072833,24.056979082459538],[75.7175237016922,23.966859808279725],[75.67422994185144,24.017530665354595],[75.59571610534611,23.99001862720798],[75.5210945521859,24.024591741785418],[75.46016521670595,23.932312409642282],[75.58354172518733,23.79472778177053],[75.68692551106335,23.755335365883223],[75.73657278271918,23.856489666056472],[75.70602758820051,23.89926886990068],[75.77363654460486,23.848114624617317],[75.93751392645417,23.896638993335078],[75.98738071402609,23.940934705896915],[75.96345367320853,24.018657575303312],[76.12707980435769,24.088023497969342],[76.11744142843312,24.194140359822185],[76.1854232620372,24.329312066701792],[76.2124604069123,24.209804427987102],[76.47054876947365,24.225948987490476],[76.52764252147259,24.15701073341491],[76.58476727612862,24.243744048990134],[76.69543910648112,24.284279220235742],[76.6759803568537,24.19089209803444],[76.80197816191058,24.116543684470514],[76.90075575531888,24.127207208165853],[76.94705854706963,24.198495758623956],[76.84149821871866,24.322509949861647],[76.81638549694749,24.533550357021465],[76.91760755985581,24.543377615124],[76.9184459691886,24.48068819081257],[76.97782534698574,24.461228482289567],[77.054748660585,24.526432127882103],[77.06825932335646,24.627578596425487],[77.03066649688753,24.712196553307848],[76.95438916091078,24.759482755274018],[76.85613114857122,24.74245568049536],[76.80261732401497,24.809274809456053],[76.94962582794706,24.869356696245433],[76.8568659444225,25.002453065626216],[76.87616198130418,25.04151853814623],[77.08530878600199,25.055086600982552],[77.1745831532236,25.11170961086268],[77.31120134282925,25.079722160543167],[77.40658330715856,25.111691096872732],[77.42653977375905,25.187960327871814],[77.342156276017,25.321736003296337],[77.3709224882695,25.408367282915506],[77.29123993998626,25.422721282510764],[77.20917624175247,25.30616024636944],[77.08352262619673,25.336712560111646],[76.94305761608418,25.282145560042117],[76.89909421430139,25.324188039310407],[76.72932116319126,25.32854058361571],[76.5558278552146,25.452559020279455],[76.47311164231797,25.70919227929138],[76.58225453826029,25.87021146290822],[76.79096963598876,25.943127335841957],[76.90063740587345,26.092786694022518],[77.03002932365314,26.17172220070098],[77.21269314519148,26.23378476151112],[77.36736213421852,26.36382356230333],[77.44434900811568,26.361576778735365],[77.4376072354517,26.403408796800104],[77.82363825745665,26.550447771078513],[77.90360060040817,26.658965925485994],[78.09266956622913,26.676255471894745],[78.10610294693673,26.789991991617654],[78.1840602438859,26.784038751615846],[78.16920499717018,26.821537532688172],[78.22295373746142,26.830628482261844],[78.19697625068534,26.88217934082489],[78.27225358568109,26.919190043851422],[78.12450608896872,26.949288048519552],[78.02646955266921,26.84953512538121],[78.01458171801808,26.902912543082312],[77.90635508030937,26.91777900206955],[77.89648408294698,26.88399731242614],[77.76059343799166,26.93261989519863],[77.61033278569435,26.828572762876117],[77.50116596222615,26.844448576418735],[77.50255648870895,26.768727637646286],[77.45455710816988,26.7418659982537],[77.3978652345813,26.830360633031493],[77.42727708579142,26.864080309418007],[77.76295161442715,27.006844718022776],[77.5193392505298,27.06661631843959],[77.68112422970692,27.19440391650266],[77.59866066798396,27.29720438653222],[77.62270291324512,27.33618645775736],[77.43996924230358,27.390329542663977],[77.4378064099165,27.456318136605006],[77.33998487549874,27.526618896803207],[77.35820991754252,27.588960946121407],[77.31705098421155,27.60675141466631],[77.35257474803602,27.65123820097058],[77.28340378035435,27.800649185102667],[77.28369488032048,27.80108255520394]]]}},{"type":"Feature","properties":{"name":"Telangāna"},"geometry":{"type":"Polygon","coordinates":[[[77.55143503514522,18.29191082540236],[77.60547049431892,18.281275169101644],[77.56350915253849,18.196123948205944],[77.60114358178485,18.103135053533823],[77.55383337346044,18.035817664262392],[77.65582436191261,17.968276783680537],[77.5066025241048,17.78595242452395],[77.56857803756463,17.74890660350295],[77.4524751717691,17.694704189365932],[77.44316300376857,17.583965336844308],[77.50694134707042,17.542281685337247],[77.593841338537,17.564515658076807],[77.68909445840342,17.47668012437583],[77.65717147461436,17.506586797942536],[77.61431127676401,17.44595041541628],[77.51303975890434,17.43087443006733],[77.52984235373,17.370716213085657],[77.45364791338935,17.37399468287535],[77.45857583747606,17.279003245197124],[77.38022890884885,17.22253708343567],[77.36376517561632,17.158789113111894],[77.46366159016831,17.110004883839906],[77.5025688180862,17.014113904065457],[77.45405283349524,16.913908292955803],[77.47653666253693,16.788380359644176],[77.42610333715972,16.722886863121488],[77.46983607493372,16.687043677052873],[77.41889546462741,16.668586128617854],[77.47614459193285,16.650121234707292],[77.46743014046449,16.59885169571969],[77.39290897763053,16.56998952650212],[77.41915033553813,16.52239411653881],[77.36904680326133,16.488687557996847],[77.23591259653445,16.472661392766984],[77.34913035301348,16.38386301161978],[77.59486884952528,16.343193657492947],[77.59774739036045,16.292824240428025],[77.49010989566287,16.255249633511188],[77.49402889041295,16.037010377141602],[77.51346826787129,15.926810324278092],[77.65746549859674,15.885938496089011],[77.8880184791854,15.906102823236845],[78.00890159501809,15.861774776236759],[78.03192760224947,15.907367034162018],[78.13403647122651,15.83628294298982],[78.25165256259287,15.93524855910911],[78.26089843582375,16.0258401963458],[78.4079250506903,16.074834056267036],[78.55179246587402,16.04282894955822],[78.62726926998195,16.087664695058436],[78.73552554041696,16.008181935167837],[78.78551032888794,16.02117637881067],[78.84031932196291,16.078169072191294],[78.83387572978612,16.144506282854316],[78.89562720071916,16.08561125318983],[78.90542854900258,16.18362053815784],[79.00953436297475,16.240246773700242],[79.21656932276271,16.227439033494125],[79.2148523871332,16.48794140358634],[79.25685957353585,16.565851097165048],[79.41865977736043,16.580279827467706],[79.77400614499214,16.730813448913054],[79.94976770355274,16.635942166849766],[80.07061371267598,16.801733873062126],[79.99877384938692,16.86525417250296],[80.01739568268155,16.9150147510181],[80.19646240278558,17.04407494944679],[80.29359949911024,16.996375328464904],[80.3804396133716,16.81749544794234],[80.38404523083479,16.86530168520683],[80.5702470832893,16.76805746919483],[80.6129722913019,16.7935897904827],[80.56285387663577,16.832888595626727],[80.60194711241137,16.918637321008365],[80.36341256189576,16.976109595257967],[80.40903758734103,17.09154066365687],[80.46486602812632,17.03006870804559],[80.58002435043493,17.153117438131826],[80.67055901716923,17.10123456642894],[80.65381527906263,17.06865858184801],[80.8453119176844,17.040016923406696],[80.91887846332382,17.219786557153427],[81.0312711297908,17.190380824562045],[81.17397560038079,17.23038939985671],[81.19040843516076,17.324865984265447],[81.27402587388303,17.31724568432279],[81.32263379475512,17.374597553268426],[81.14825175831507,17.463703550716676],[81.12727783287434,17.52647246080858],[81.01989515069695,17.520082552115067],[80.96939492239069,17.598102459228816],[80.8554022872324,17.60191539242292],[80.91105521877074,17.638063163805345],[80.8855466175387,17.735722858532565],[80.97342106549287,17.780167850525853],[81.05816345905558,17.733132868904267],[81.10426012248291,17.77205375684865],[81.0082439412748,17.7982752842528],[80.94925711827366,18.08624055010885],[80.97902736943439,18.178789895359547],[80.86666862514919,18.140300852844714],[80.83672317915185,18.242296166171723],[80.79911174587848,18.171546130274944],[80.73682889540373,18.177221974572415],[80.79417646369127,18.256928259330902],[80.73483554187314,18.412859651796282],[80.51472952696597,18.619375963648004],[80.34661677180834,18.595052895995753],[80.27844499213239,18.72164320735568],[80.11812773436536,18.680545488881688],[79.92143167832013,18.809701534744534],[79.96161194475977,18.866652142803474],[79.94026982952846,19.032588139517326],[79.87111009977102,19.04104028515431],[79.85843685099898,19.102439061927505],[79.9459013671463,19.169516223475846],[79.97794248837837,19.40038016904249],[79.75345519399787,19.60755268557709],[79.6279276722636,19.573188126054543],[79.59616261589471,19.507294542598792],[79.53993624748975,19.554677500674686],[79.47143471244263,19.50020733401787],[79.24356864676771,19.616700934593812],[79.19032447939178,19.458996807751564],[79.09804768467416,19.532037229429893],[78.94045815048759,19.55187652924345],[78.95557251984023,19.655798922139414],[78.85193531113772,19.658367321188422],[78.84097822095245,19.761895941179823],[78.55202364551575,19.82408619564798],[78.49025594561881,19.792685352906368],[78.3070468925171,19.9142953535282],[78.28609454371116,19.84793494536905],[78.36469360518414,19.781230751493847],[78.26266933864225,19.66506257222558],[78.30558703226406,19.607065746735564],[78.27433136288211,19.553973618589428],[78.3043616475715,19.456136985714377],[78.1762120441342,19.412260825484054],[78.17534369574963,19.237577799498688],[78.0416374912572,19.243425469752474],[77.945146306978,19.342448412850008],[77.86348409548907,19.304190823942523],[77.90758862619626,19.26822367103455],[77.84774694570952,19.18958980241927],[77.85042133631153,19.088552322020508],[77.80996087814825,19.104728733670992],[77.76202366641672,19.03184711277518],[77.94856250478209,18.82983473774414],[77.83998238000912,18.80481836672694],[77.7873168426605,18.68263678177876],[77.75353260260336,18.700988194218812],[77.73852919854446,18.55678555697549],[77.59640042138915,18.548936219372774],[77.60315730281792,18.476842895464664],[77.54859521798697,18.46857593885767],[77.58532889302322,18.446787600640008],[77.52754815620739,18.442105722887067],[77.55163669255343,18.292277993112133],[77.55143503514522,18.29191082540236]]]}},{"type":"Feature","properties":{"name":"Andhra Pradesh"},"geometry":{"type":"Polygon","coordinates":[[[80.26826078906137,13.564496252786313],[80.25402770742663,13.790407620160087],[80.12719956709475,14.150182032434703],[80.19599454581258,14.58654774306306],[80.09720816149088,14.780590680082335],[80.04700170653702,15.080596743134075],[80.11127478171021,15.345643639162091],[80.28416631097296,15.68815487157462],[80.42856219425859,15.805060488461972],[80.68059160528152,15.885782459768025],[80.80699850761032,15.840830391858528],[80.82149444348376,15.709726636419933],[80.93933965106166,15.716773395012973],[81.14800588672688,15.974086334832535],[81.21371834236128,16.207592186625856],[81.30529853310193,16.303904893360734],[81.48717976482261,16.355438549614863],[81.7207766975313,16.3069322297365],[82.31365478230947,16.558804624327113],[82.31715960340794,16.66198659258372],[82.36594347280315,16.706840473687848],[82.36019740357985,16.958949676793594],[82.32606597454684,16.991232405094806],[82.35485034264957,16.85131241770299],[82.24825987214484,16.87606633159454],[82.24821237372419,16.93045892907657],[82.31948871485241,17.05738700359683],[82.59390682512503,17.28144688145283],[83.21292661500142,17.59100498987014],[83.60554743358892,18.037023471508153],[84.1284979428408,18.313395944599954],[84.74627279888742,19.048198023591965],[84.70887435437126,19.16005878935551],[84.59339876417232,19.133345877919794],[84.66874910974278,19.077207862171615],[84.59881131408343,19.025706049819526],[84.57075204092524,19.074633038538536],[84.47395560102768,18.99029928438464],[84.41904914074435,19.022907913238306],[84.43604308301376,18.921814217413676],[84.35812168992989,18.89555134147566],[84.37231564005253,18.86272573313972],[84.33065589325571,18.88304619065548],[84.34245589962153,18.80304390126136],[84.08924055881165,18.758482556064166],[84.03648167123366,18.817339839618054],[83.89116658413862,18.81541834118213],[83.7927209532621,19.018880704893114],[83.7455828756208,18.9966860257192],[83.78591294601556,18.916808117214668],[83.75337432430442,18.926302204660757],[83.62410001306341,19.163592843438774],[83.53529086356451,19.01165681208011],[83.46606179374861,19.09403203523366],[83.4598989843869,18.955696592565207],[83.39869707849019,19.010284920123887],[83.30881325285733,18.999777944784782],[83.40393298458218,18.843273500597466],[83.22272297673673,18.776025240536658],[83.21055831724765,18.73152381196543],[83.13715228258316,18.786304298858674],[83.01126875131528,18.647001822368388],[83.04313656417284,18.545431137449036],[83.0931547043954,18.54761711508343],[83.01908458566558,18.457197059706576],[83.06543546692843,18.431049054777127],[83.05272953654804,18.38071589462449],[82.9379780477569,18.361563317200115],[82.80141166668864,18.449984251567216],[82.77253979728734,18.341164831838533],[82.64092846763074,18.302768957062817],[82.63597050657587,18.237452308413005],[82.5795822518752,18.315898254937878],[82.62120006261964,18.35974202224911],[82.53550225056516,18.406203489916038],[82.5613695625649,18.44852286590551],[82.48105439191252,18.549439932056053],[82.36250511086604,18.422271010876628],[82.38383817736748,18.368237917298472],[82.3365136121682,18.327441676227068],[82.39063778356947,18.298686835370855],[82.3091767830261,18.20483256154162],[82.37065397404838,18.14890461313267],[82.33809893652372,18.150574045859052],[82.33906238864907,18.05553891647837],[82.25993648502491,18.042587525275167],[82.2645422418097,17.99562388457612],[82.03065173786955,18.07004227499658],[81.6172208213963,17.823140620344567],[81.47621495002424,17.83846641292994],[81.39311990679249,17.794663183258397],[81.16613095256773,17.857650691707608],[81.05816345905558,17.733132868904267],[80.92785024529016,17.76182043316746],[80.8855466175387,17.735722858532565],[80.91105521877074,17.638063163805345],[80.8554022872324,17.60191539242292],[80.96939492239069,17.598102459228816],[81.01989515069695,17.520082552115067],[81.12727783287434,17.52647246080858],[81.14825175831507,17.463703550716676],[81.32263379475512,17.374597553268426],[81.27402587388303,17.31724568432279],[81.19040843516076,17.324865984265447],[81.17397560038079,17.23038939985671],[81.0312711297908,17.190380824562045],[80.91887846332382,17.219786557153427],[80.8453119176844,17.040016923406696],[80.65381527906263,17.06865858184801],[80.67055901716923,17.10123456642894],[80.58002435043493,17.153117438131826],[80.46486602812632,17.03006870804559],[80.40903758734103,17.09154066365687],[80.36341256189576,16.976109595257967],[80.60194711241137,16.918637321008365],[80.56285387663577,16.832888595626727],[80.6129722913019,16.7935897904827],[80.5702470832893,16.76805746919483],[80.38404523083479,16.86530168520683],[80.3804396133716,16.81749544794234],[80.29359949911024,16.996375328464904],[80.19646240278558,17.04407494944679],[80.01739568268155,16.9150147510181],[79.99877384938692,16.86525417250296],[80.07061371267598,16.801733873062126],[79.9630835172475,16.64357419213043],[79.91012022611146,16.633958400388067],[79.87754293102901,16.697338074625407],[79.77400614499214,16.730813448913054],[79.41865977736043,16.580279827467706],[79.25685957353585,16.565851097165048],[79.2148523871332,16.48794140358634],[79.21656932276271,16.227439033494125],[79.00953436297475,16.240246773700242],[78.90542854900258,16.18362053815784],[78.89562720071916,16.08561125318983],[78.83387572978612,16.144506282854316],[78.84031932196291,16.078169072191294],[78.78551032888794,16.02117637881067],[78.73552554041696,16.008181935167837],[78.62726926998195,16.087664695058436],[78.55179246587402,16.04282894955822],[78.4079250506903,16.074834056267036],[78.26089843582375,16.0258401963458],[78.25165256259287,15.93524855910911],[78.13403647122651,15.83628294298982],[78.03192760224947,15.907367034162018],[78.00890159501809,15.861774776236759],[77.8880184791854,15.906102823236845],[77.80355735352808,15.874152750496034],[77.24890027002901,15.964573791658447],[77.10258996817676,15.928743990919042],[77.03372423365562,15.858905856613578],[77.0491308438348,15.730279549702312],[77.1289058584052,15.665888390288872],[77.1214536980145,15.631106996135646],[77.0304640507585,15.634515061458835],[77.03006961039871,15.50267159913053],[76.97404815669316,15.498258062714543],[77.06375418327337,15.328043670705217],[77.16695576206372,15.268609857119882],[77.12514504529852,15.22696557206009],[77.1691569174791,15.171375305638623],[77.08247333645268,15.006109268727117],[76.77672063081727,15.078429550809274],[76.76656426563859,14.97564686173467],[76.86964518361827,14.937740177534371],[76.853999412266,14.809475799719946],[76.78270952095005,14.785970067848332],[76.7650152484919,14.602157763892087],[76.86797879079992,14.4740735883859],[76.97483029465822,14.485365120706206],[76.9428437011639,14.399754052407108],[76.88483375291507,14.39574476586198],[76.95673799846058,14.294383426449603],[76.94006892832044,14.244644952998348],[77.10081536340098,14.217175200991216],[77.13891590509205,14.340007301178758],[77.28657666946373,14.340134386217954],[77.28354612739429,14.282772595462196],[77.36382868291365,14.275863106734917],[77.39260184453317,14.198879776468091],[77.40645309366316,14.337782357884924],[77.49828785617555,14.278883664963605],[77.51707668717985,14.184438734584955],[77.35172094696917,14.131141956692357],[77.40092576510989,14.11875012094729],[77.3323076278406,14.030727018525221],[77.43788420042682,13.975560740145298],[77.3987447714827,13.888166176156766],[77.34784197755488,13.91600377437425],[77.37128992796679,13.95279099464073],[77.32223562614519,14.030033425901864],[77.14922966229504,14.001202687380577],[77.12740982030068,14.047053627220642],[77.02780331993868,14.06218091381123],[77.02334023807887,14.176725765340127],[76.89454694592644,14.16784994484616],[76.97758030005095,14.07132821940321],[76.93114482623443,14.03024094369827],[77.04166447658793,13.933474045173654],[76.9780280051172,13.826908926052406],[76.99687362132555,13.74779131468337],[77.1730554126744,13.762052289942131],[77.12820421487947,13.85649990607147],[77.18471507344677,13.925226410980235],[77.20043513277804,13.863078364703377],[77.23562634567422,13.90417695378639],[77.25669795391896,13.84656357561685],[77.43252100395742,13.843257185007403],[77.45533255278778,13.682304121462154],[77.52833457374643,13.693053018745399],[77.52556270785124,13.75334497402061],[77.63057992286627,13.735956652394155],[77.65148525205362,13.784169519948572],[77.71735858966723,13.741115207691573],[77.71930533231267,13.800315120156196],[77.83706854346808,13.869779997044969],[77.8265856209207,13.94476277717894],[77.9267624248257,13.90536506572061],[77.9875211486736,13.955535634869172],[77.95297639040535,13.827392839074239],[78.04885893014695,13.896130252111975],[78.11476853903677,13.862926418098818],[78.08709825256628,13.643107123059998],[78.16756687972371,13.655865469317408],[78.19295901887074,13.564887992574484],[78.40146037774869,13.587936587998394],[78.3650589023995,13.361842316465713],[78.40866431925333,13.342926454260638],[78.37712913008761,13.33201465250378],[78.58734178497168,13.280686091190056],[78.5500372368606,13.200226090161088],[78.57974123008262,13.167406613708806],[78.41113825798622,12.945316491987917],[78.46474446169302,12.86681296669072],[78.3540716836179,12.939735965901345],[78.31242174462734,12.858568140977718],[78.25217415948113,12.860601143331289],[78.20098714129237,12.69178711888681],[78.2710614404507,12.705106153129343],[78.37139757674097,12.627154656097296],[78.4649401192535,12.624076566412478],[78.51998560999671,12.712059094498882],[78.48906110454426,12.742025974709659],[78.55584692836557,12.70020274935658],[78.65698861451386,12.932147878432806],[78.62087328132871,12.991281446343239],[78.70524724345401,13.015278565951776],[78.71449313195625,13.068717472793415],[78.89155610412348,13.097124395051406],[78.89161664877699,13.033096243460347],[78.93707999813239,13.030464174969495],[78.92391572753112,13.080846017643694],[78.99497450747731,13.086644830615988],[79.16309076696284,13.020305715221395],[79.23490094452507,13.170876212654887],[79.30715928349767,13.105554691318089],[79.36047389046996,13.123569580372251],[79.37400280880468,13.189288193957173],[79.43839703347203,13.188205542503466],[79.4531218825377,13.238381398983437],[79.40838951838015,13.265299362647507],[79.44539387647274,13.301280652207364],[79.38186066544563,13.307517289059486],[79.43540184370227,13.351738084475187],[79.53727627394969,13.338674575127765],[79.53457231260515,13.275425221996828],[79.57923531244974,13.25782123868358],[79.68237055155463,13.295941123489138],[79.70267424216526,13.222423434420469],[79.75980856567571,13.20747006064772],[79.79469758081872,13.24213003292321],[79.73367983943673,13.288843220040192],[79.93797313558764,13.35554602167392],[79.97238828223178,13.46911303512534],[80.04658574883122,13.493704095711086],[79.99969217105073,13.542330973640036],[80.08122760869348,13.549770453838173],[80.07816579537068,13.488830870127746],[80.24177825326292,13.470665481610363],[80.26617328400414,13.563548365853917],[80.26826078906137,13.564496252786313]],[[82.22814236456338,16.760727574880665],[82.31038899841658,16.718768658724635],[82.19341304203007,16.721649708892418],[82.22765481112944,16.760754619793666],[82.22814236456338,16.760727574880665]]]}},{"type":"Feature","properties":{"name":"Mizoram"},"geometry":{"type":"Polygon","coordinates":[[[92.26538822723951,23.725112310834334],[92.4034838256873,23.240887900024763],[92.3463333837057,23.23667263592186],[92.39182826752085,23.057356304111387],[92.37109776486086,22.936123616978193],[92.44994323331795,22.893136810701286],[92.52895127707849,22.66590093636364],[92.60316723998965,21.977135856026244],[92.67963540328559,22.01152301181652],[92.69954201428611,22.155041425206605],[92.86253176182002,22.0629304883395],[92.90620677026064,21.9414213080131],[92.95123519308471,22.030018281714067],[93.00339402312088,21.982521887061104],[93.00453860345533,22.104735953284443],[93.05917615215999,22.101228135030674],[93.03775719863256,22.19540883133186],[93.1506913408067,22.17631481590959],[93.14173988142704,22.245657639389304],[93.20204103401194,22.264134406440423],[93.18522542619107,22.42769012642709],[93.1064147584681,22.526887951097223],[93.14015578237355,22.59271517965418],[93.09420983469134,22.80620829589713],[93.16413851784043,22.910413936836022],[93.13449059925506,23.05990688157462],[93.29362002370507,23.006661671930505],[93.38530227833338,23.134666222034294],[93.35537106075182,23.352605816700546],[93.40143293871643,23.384218931576257],[93.43621583138332,23.684291273215166],[93.39158244899367,23.757124714984975],[93.39387240467154,23.928838456309776],[93.31806474385793,24.053180040801426],[93.2532747870534,24.021244170700626],[93.25025142252306,24.080237059833724],[93.20966815837221,24.0482182019184],[93.14046300620072,24.087919167774608],[93.09937244095107,24.04324880348596],[93.07841110899227,24.101774553038645],[92.97284510957692,24.112612754076842],[93.02462035180028,24.392550184637066],[92.90924175988908,24.41301196167598],[92.82927079580575,24.37379036641964],[92.76289705884969,24.521233948924486],[92.68473480677686,24.346639422753277],[92.62466952483611,24.334177892687823],[92.61220191660226,24.253570503401285],[92.55079536460238,24.24732506033071],[92.47857825560634,24.14212518903565],[92.43632155943861,24.15313582304682],[92.42243290805344,24.25495851034798],[92.29228206747058,24.250492575781326],[92.33195844371456,24.17966365892565],[92.32508718519054,23.91419297824843],[92.25699652338477,23.81287372913213],[92.26566970804559,23.726530227048773],[92.26538822723951,23.725112310834334]]]}},{"type":"Feature","properties":{"name":"Arunāchal Pradesh"},"geometry":{"type":"Polygon","coordinates":[[[95.23391968067268,26.68245856965871],[95.30339233406782,26.650843801774958],[95.43058529191462,26.700023479359317],[95.52464955797785,26.82266248099937],[95.60800371755833,26.813191943929745],[95.66722368841,26.902908708241988],[95.72305902735833,26.881477709698192],[95.8022563344712,27.015073312798286],[95.94573464528793,27.051388223016716],[96.02263678649426,27.17995233521782],[96.22858935182332,27.278800821749183],[96.52362776303013,27.286293487053012],[96.60565245371936,27.36582888617952],[96.70421722006722,27.372258741506986],[96.88427232324068,27.260187525094867],[96.87422769141536,27.18062829355062],[97.0709046061585,27.089831114179546],[97.16569664504412,27.13511552885369],[96.90338067870331,27.45278363124546],[96.93534055809772,27.50831100720955],[96.88981200542577,27.605873903125133],[97.2527074149549,27.900973563843888],[97.38509370503746,27.88739945602381],[97.41149826167937,28.015397564574325],[97.30432350445598,28.06887958651322],[97.32754918471713,28.15493400222734],[97.39732956769092,28.192397529802946],[97.09007500556291,28.362889788712387],[96.99398143539139,28.309513221374598],[96.89641344147942,28.379625870284755],[96.77224140744032,28.368060025774785],[96.66278592203368,28.460259515349463],[96.45658313277882,28.41403830402351],[96.39761841192693,28.339256875294616],[96.36929641119254,28.389255854171438],[96.26229013300069,28.408603527070884],[96.37152986643231,28.482215235494238],[96.3244333412628,28.52942001479612],[96.49289027334513,28.633523919691278],[96.47171008663031,28.683727518085796],[96.58488800462308,28.716964247692847],[96.61505607830067,28.774052826101876],[96.47715831043801,28.99040174547011],[96.52514294962324,29.07579760437748],[96.34671767334449,29.028976610909872],[96.16640575440772,28.902629969614406],[96.1849110034465,28.98499989924942],[96.11488865386106,29.074837119900018],[96.34673887358518,29.16813799822172],[96.39337937888217,29.25377363808159],[96.36384009356415,29.283040545357746],[96.24422995247279,29.232583763911574],[96.08866297155515,29.459965441753653],[95.60014214907861,29.260396973245268],[95.53906538658582,29.212493203409768],[95.54792145566208,29.126918740965934],[95.49752919317484,29.138681779743038],[95.44842133828757,29.034202292476074],[95.26779122260243,29.056137779777128],[95.25212813173152,29.108514531359646],[94.99932071768879,29.172114787856515],[95.02447140945038,29.12959232303368],[94.87378032668978,29.183566322266646],[94.79998870995256,29.163918788308788],[94.77961153445672,29.240609950404714],[94.63083573084873,29.348474078175798],[94.56033287601109,29.22861259147602],[94.43372524603032,29.226650424222612],[94.21708979945983,29.08383421494689],[94.15728476574512,28.954329391507514],[93.99696402790467,28.840884935445402],[94.00330696026062,28.774940821082744],[93.92783403148479,28.67110195622663],[93.84590338542267,28.706827087111442],[93.33917482155641,28.639926921536443],[93.27794073531128,28.504464576488044],[93.18463818042184,28.439614572279304],[93.23337281225803,28.400245114009188],[93.22070420058948,28.333183468742448],[93.02553571890513,28.30279015557515],[93.00210203014666,28.230305663689244],[92.96636001523402,28.261390176590677],[92.68886028737985,28.125444349499457],[92.66468043908178,28.06236616400066],[92.74100334389794,27.988882106180753],[92.56208551236575,27.820490759665006],[92.502827205011,27.841013353496805],[92.31755671955487,27.777831914504212],[92.26581043452472,27.85762533509746],[92.21225504222537,27.858715274389713],[91.92067393752664,27.71490165552691],[91.82639946389033,27.810269738272257],[91.5464586972022,27.85562611008539],[91.64189443288778,27.76517736182525],[91.55988794745609,27.63341458498273],[91.6492013285105,27.48456130408408],[92.02013537434333,27.479345227171297],[92.05985443583464,27.326685478237845],[92.12154370023087,27.28698675813373],[92.04056732551193,27.266138608449033],[92.07050620302789,27.223063695478746],[92.02845914579969,27.07795687576936],[92.10376459626718,27.007033970856135],[92.1081704922743,26.89305505931237],[92.19473385356288,26.890059851294822],[92.58327296734956,26.959637409533226],[92.6724082951281,27.031745965902907],[92.8865374609205,26.999842458581572],[93.0217823654086,26.9135137821572],[93.66004233312569,26.967052589908352],[93.82914772936724,27.06691117467499],[93.79469300205335,27.13614450757257],[93.9911782513492,27.32844357678067],[94.26817903602993,27.520937848706446],[94.20943309896717,27.605180070660982],[94.23749044793405,27.632776643811486],[94.36393584217448,27.574446833744613],[94.43160584808558,27.600429527043932],[94.46165456889953,27.55533907356858],[94.92224713031555,27.750018598003155],[95.30868061643241,27.86810607324964],[95.37949599875067,27.83927412788133],[95.5200505852701,27.88133295158973],[95.6051971901679,27.954710090108588],[95.97120258427864,27.962813475193208],[95.75217596166073,27.72101270826514],[95.79055431813319,27.599742778763265],[95.87655793288005,27.544377774811156],[95.84441385752989,27.421679394475518],[95.94121615803638,27.437387169199056],[96.01765838337678,27.365013800274607],[95.89233539006644,27.255379219975207],[95.80079337862365,27.284362386036392],[95.58747961990285,27.223036666907554],[95.50908173254449,27.262133255270626],[95.45317956253227,27.129530325551606],[95.19656582673062,27.037083310181398],[95.23220313581035,26.902831895248898],[95.18094699495543,26.856032902945852],[95.24248709230208,26.782548249419747],[95.2333943063687,26.682914001119748],[95.23391968067268,26.68245856965871]]]}},{"type":"Feature","properties":{"name":"Meghālaya"},"geometry":{"type":"Polygon","coordinates":[[[92.42518617253407,25.029659240657658],[92.48087515705798,25.108675351654444],[92.53933182492118,25.099153950684663],[92.5215267093401,25.13912850082029],[92.62134064507428,25.115126352597887],[92.66338339937226,25.176767744435363],[92.8027420749236,25.217062433244312],[92.73792940152217,25.379432903485007],[92.56457794651205,25.465582512181545],[92.65290428927494,25.59102692072507],[92.57240491368366,25.55744935173275],[92.38393692527934,25.7546210118642],[92.15606641833365,25.672280830582594],[92.15102035680393,25.81673623003955],[92.2254826683087,25.909266068071847],[92.15235833992743,25.944415855474304],[92.26880651721987,26.068271095877694],[91.91890894741937,25.99792914279421],[91.82532618284,26.119502083417228],[91.73098805548095,26.059022924947584],[91.67052640988739,25.90424779649559],[91.6093986608157,25.937488106143512],[91.63102277877422,26.022063079192286],[91.57976919991451,26.03334367728273],[91.47473592931038,25.874116928229295],[91.53036021177769,25.871349940913692],[91.33528283004291,25.840639726283584],[91.22238172790492,25.722658612848274],[91.17819075770787,25.77744678725619],[91.19575907827834,25.861488648931356],[91.00594513150742,25.82047794052966],[91.03047939213452,25.885896222997072],[90.96878647518835,25.885313690479755],[90.94736687307729,25.948186253680397],[90.91676863753266,25.914150625337697],[90.80898761630716,25.95253121616394],[90.76631023639693,25.907734395521782],[90.71752182332301,25.955034643843966],[90.62180068568514,25.89792977796054],[90.58780679950192,25.958164074070723],[90.5149153899008,25.89619433181912],[90.50247148820733,25.991553921608066],[90.39968427171485,26.01260872845697],[90.11935080290701,25.958048786279736],[89.8946781528457,25.74505956367731],[90.02018693482486,25.60757855839893],[89.87763270027962,25.549811422956463],[89.81575193931933,25.388645708680123],[89.83989627002768,25.29406471154142],[89.9722448066138,25.30104205445587],[90.44456596282211,25.143812864371455],[90.65511020743712,25.193154168985455],[90.73733708374401,25.15368589731193],[91.26464437720807,25.20678734229268],[91.47747535614235,25.13511299627164],[91.60286969005934,25.173696382960483],[91.64201434180855,25.124343562186052],[91.74664156941265,25.17168239197643],[92.06213984513889,25.187859904562988],[92.42221557863675,25.03014069158322],[92.42518617253407,25.029659240657658]]]}},{"type":"Feature","properties":{"name":"Jhārkhand"},"geometry":{"type":"Polygon","coordinates":[[[83.3298774625774,24.101694597944302],[83.51569460522329,24.027215443705277],[83.5711641376115,23.862185231071756],[83.7053201159903,23.820808402102383],[83.775292268616,23.609006171930996],[83.93766469478497,23.56904559312921],[83.93187719975235,23.62046688118928],[84.01656153699483,23.63442871038149],[84.02802633521576,23.545656300460713],[83.96231531239421,23.385400324564767],[84.07472554451823,23.33332629388237],[84.03743837611297,23.1399337131614],[84.13342901552258,23.083145795919922],[84.14946053423759,22.965434004204027],[84.18576980470945,23.027148406956908],[84.21918319326785,22.97881777742111],[84.37410902949924,22.979134681318406],[84.39583231427862,22.939216151167006],[84.23183011691047,22.741890303632342],[84.2334303110789,22.680813830778334],[84.08398421964023,22.63817298754026],[84.00889839468329,22.525195886145298],[84.29146180541981,22.342853962984957],[84.42940672675005,22.35248877541007],[84.53525364911765,22.427038544859293],[84.81020759098254,22.453307029244222],[84.8861708723427,22.42014446430549],[85.0671553671192,22.48425962300972],[85.11695447022772,22.294448911762544],[84.98687162582365,22.08264074282158],[85.09848362217275,22.105899513858052],[85.23809902904574,22.009334106891856],[85.37103698083251,22.160975997934827],[85.68523388247797,22.05451656887416],[85.80737954720483,22.11609986694699],[85.83830882810135,22.079510595586594],[85.7955999056465,22.08073310943463],[85.76599721723575,21.994906527953567],[85.90725576493429,21.970345717921315],[86.03125535118492,22.189993176891246],[85.97383534544785,22.247066035462502],[86.04874309197615,22.307983710692653],[85.99799471305576,22.34160496804155],[86.02703101008665,22.395107230775547],[85.95708126863066,22.46481039428924],[86.04542162511201,22.56751235951127],[86.11845421214656,22.486686478551857],[86.28337679460873,22.447826514918233],[86.43972281969359,22.30323120325406],[86.4968712530422,22.347209692336264],[86.75108655261226,22.2110759722428],[86.89016058977931,22.28504782312953],[86.83315147435147,22.32447882756817],[86.84553727031745,22.39987172480918],[86.75109508211591,22.455807348558935],[86.80089687118708,22.48835641376159],[86.76581202331212,22.575703297332883],[86.65853663770892,22.575701225291443],[86.63504234500816,22.665607515004368],[86.41938051410214,22.79099668579424],[86.46729674837513,22.900891749568775],[86.43579743073533,22.92590443747673],[86.54699778488524,22.989415670893923],[86.22301970662602,22.99484563309043],[86.04368331496866,23.144936456187313],[85.89416296070375,23.15526662645409],[85.819663238859,23.268486225659128],[85.90263848006946,23.398522826464312],[85.87083493178899,23.475539686672708],[86.05413046300818,23.486938676060632],[86.01677805265874,23.5475376681735],[86.05183045069067,23.5862971798811],[86.15862270526608,23.559499548932862],[86.14846858677393,23.465365211921792],[86.31014148405143,23.4118423813567],[86.46184447765711,23.629788818547993],[86.799296843207,23.688978443540073],[86.80543425539896,23.837535135829356],[86.88982099156762,23.819658177047437],[86.91566744199152,23.883221300838493],[87.12251583696629,23.796197843525142],[87.16726300535973,23.825119299061964],[87.12941783943259,23.86893614896234],[87.24066791892673,23.825832057563588],[87.2461958224018,23.908752468042465],[87.26947668527255,23.874445665156077],[87.29533071747743,23.90211276584367],[87.24538545667556,24.045068590882742],[87.46000803291757,23.984197860766987],[87.43793406561419,24.01295368800721],[87.51195634636018,24.03609891359322],[87.49754633703863,24.117872686876325],[87.55883617362863,24.08144673344929],[87.61023396802408,24.13242437847674],[87.57583179574759,24.160968709722923],[87.69512443089505,24.149163788873572],[87.63881459283047,24.25476795505612],[87.70596893432743,24.26044065355838],[87.80134192089378,24.383154883611766],[87.82826761179159,24.498590515889838],[87.77168511886859,24.58374679436591],[87.85199298891267,24.553935850040833],[87.90881903577042,24.585771627018524],[87.87517845609017,24.61375004698963],[87.91424937322253,24.637069839567705],[87.9077963990409,24.72131161802004],[87.81770027815021,24.760942703184593],[87.8690316070961,24.774817351466293],[87.95857983920679,24.966732346943022],[87.79572792827175,25.087319541451294],[87.7786681323055,25.250543539839658],[87.58402540221759,25.349452022007856],[87.54297343577906,25.281060279407285],[87.48739943471315,25.297323570067842],[87.47810605318018,25.19440699825097],[87.32752632558217,25.223641652742558],[87.29550496908297,25.08856273448551],[87.24130620607207,25.116925919337696],[87.15033213829801,25.02609010112349],[87.15671513282068,24.881013618677645],[87.07447451498493,24.817743820952447],[87.05107242805985,24.60855888838768],[86.93980204574197,24.65255544660787],[86.91644128311657,24.545150505623994],[86.80209457159921,24.570284354216163],[86.78701578541327,24.616453037710173],[86.66938257575084,24.56618560196154],[86.60341513961122,24.608160249266582],[86.49971210505961,24.509885044272103],[86.44528040620058,24.36785016689473],[86.27613316822978,24.46591216118944],[86.32280732082403,24.586905525669074],[86.12460550151307,24.61128275362537],[86.12854129745388,24.69874778782217],[86.03690629600617,24.740668855215933],[86.05529386304778,24.779738484569254],[85.94534914974753,24.732960312659912],[85.86725381138359,24.804682408078726],[85.73668833631336,24.820782013190378],[85.6490190123661,24.6845887511987],[85.66799870213062,24.578982457721303],[85.58063013234383,24.60075686246139],[85.52382276415578,24.52096598408854],[85.37081855816612,24.555259248032357],[85.39170966702247,24.529937158290718],[85.15264619116255,24.455174187176564],[85.17394443986188,24.420586866104603],[85.08900057574056,24.372390090297024],[85.07952723919827,24.433482011592748],[84.90391216711441,24.372219173714676],[84.88738085002981,24.463188265922643],[84.83984694862319,24.452359728717397],[84.80218797470833,24.53063336658868],[84.68641500891268,24.45673510419424],[84.66529389541095,24.390981663141893],[84.56754894776105,24.409209774525863],[84.49621829449077,24.28632737317969],[84.50502740503389,24.331365803496066],[84.4243963867276,24.32982489871428],[84.29741128196949,24.449046058058354],[84.32752928624808,24.50033035078008],[84.29722319720688,24.560478395612307],[84.2568739172381,24.526925529763307],[84.18831388120478,24.553309318877748],[84.17822595058277,24.505159948161996],[84.14564080332643,24.537534084606058],[84.1083415723435,24.477495142997405],[84.00835443513434,24.64280078336329],[83.87268959879364,24.532201235142594],[83.40152207164962,24.503452162086017],[83.38658489588504,24.448180714544762],[83.45728193504608,24.364568165370873],[83.38004832178812,24.313149895400375],[83.40911686564277,24.266346296061826],[83.32964600625455,24.101788879284605],[83.3298774625774,24.101694597944302]]]}},{"type":"Feature","properties":{"name":"Assam"},"geometry":{"type":"Polygon","coordinates":[[[95.1946454837747,27.031319394633655],[95.45317956253227,27.129530325551606],[95.50908173254449,27.262133255270626],[95.58747961990285,27.223036666907554],[95.80079337862365,27.284362386036392],[95.89233539006644,27.255379219975207],[96.01765838337678,27.365013800274607],[95.94121615803638,27.437387169199056],[95.84441385752989,27.421679394475518],[95.87655793288005,27.544377774811156],[95.79055431813319,27.599742778763265],[95.75217596166073,27.72101270826514],[95.97165975309642,27.96254244803744],[95.6051971901679,27.954710090108588],[95.5200505852701,27.88133295158973],[95.37949599875067,27.83927412788133],[95.30868061643241,27.86810607324964],[94.92224713031555,27.750018598003155],[94.46165456889953,27.55533907356858],[94.43160584808558,27.600429527043932],[94.36393584217448,27.574446833744613],[94.23749044793405,27.632776643811486],[94.20943309896717,27.605180070660982],[94.26817903602993,27.520937848706446],[94.1565903563524,27.474954417937255],[93.8059176033437,27.148857516940247],[93.82914772936724,27.06691117467499],[93.58659118596601,26.950567581931974],[93.0217823654086,26.9135137821572],[92.8865374609205,26.999842458581572],[92.6724082951281,27.031745965902907],[92.58327296734956,26.959637409533226],[92.11400321748147,26.893916188611875],[92.0561884381096,26.84666981827973],[91.89240389175504,26.91882760099084],[91.69011310925569,26.80680146578285],[91.49520035098324,26.79121063093494],[91.40805475203315,26.840035388098745],[91.33730486947552,26.780616092091226],[91.097619491741,26.822082402424236],[91.05411452270556,26.780804668125977],[90.71703859527716,26.768446867209228],[90.35566535674246,26.900804704691573],[90.30061592778505,26.848525779428464],[90.23076915302357,26.858801564527898],[90.13996849962524,26.753806149803975],[89.85880539173675,26.734879529444058],[89.85635842671687,26.384252381028283],[89.75715258934461,26.28878088157381],[89.7204004251832,26.307881917942083],[89.70049167529397,26.217949893504453],[89.73401976434111,26.209950566783014],[89.6986022784013,26.19076146661001],[89.79455687201181,26.088722191333392],[89.78798061663386,26.019003150887155],[89.80870621898399,26.04377790728417],[89.82053984479931,25.987348065677814],[89.87285156630024,25.97730729052498],[89.82532364048689,25.945862422739204],[89.887246515366,25.94514343143216],[89.81675400822213,25.81489332778077],[89.8815336155363,25.626417779332524],[89.85117002263883,25.466667129925817],[89.87829943796832,25.55042515194609],[90.02018693482486,25.60757855839893],[89.8946781528457,25.74505956367731],[90.15103242914219,25.966781802996913],[90.4760711796984,26.009679538854257],[90.53494013564944,25.949681263626623],[90.5149153899008,25.89619433181912],[90.58780679950192,25.958164074070723],[90.62180068568514,25.89792977796054],[90.71752182332301,25.955034643843966],[90.76631023639693,25.907734395521782],[90.80898761630716,25.95253121616394],[90.91676863753266,25.914150625337697],[90.94736687307729,25.948186253680397],[90.96878647518835,25.885313690479755],[91.03047939213452,25.885896222997072],[91.00594513150742,25.82047794052966],[91.19575907827834,25.861488648931356],[91.17819075770787,25.77744678725619],[91.22238172790492,25.722658612848274],[91.33528283004291,25.840639726283584],[91.53036021177769,25.871349940913692],[91.47473592931038,25.874116928229295],[91.57976919991451,26.03334367728273],[91.63102277877422,26.022063079192286],[91.6093986608157,25.937488106143512],[91.67052640988739,25.90424779649559],[91.73098805548095,26.059022924947584],[91.82532618284,26.119502083417228],[91.91890894741937,25.99792914279421],[92.16932294950787,26.07773525842523],[92.27481511100014,26.06574799513613],[92.15235833992743,25.944415855474304],[92.2254826683087,25.909266068071847],[92.15102035680393,25.81673623003955],[92.15606641833365,25.672280830582594],[92.38393692527934,25.7546210118642],[92.57240491368366,25.55744935173275],[92.65290428927494,25.59102692072507],[92.56457794651205,25.465582512181545],[92.73792940152217,25.379432903485007],[92.80282185340569,25.216272602322835],[92.66338339937226,25.176767744435363],[92.62134064507428,25.115126352597887],[92.48053864635595,25.10840841826535],[92.41587519300465,24.990080334270363],[92.48755624493128,24.946638866747],[92.4878232691495,24.871393018832602],[92.40020249285512,24.848700384321553],[92.30009322339488,24.915426067905447],[92.23363600240619,24.900623209253425],[92.29587194914498,24.736559082797047],[92.21169868233224,24.504481310162475],[92.25983908220122,24.358549943473466],[92.19229319202137,24.24326784552022],[92.42243290805344,24.25495851034798],[92.46537553980585,24.136368814368126],[92.55079536460238,24.24732506033071],[92.61220191660226,24.253570503401285],[92.62466952483611,24.334177892687823],[92.68473480677686,24.346639422753277],[92.76289705884969,24.521233948924486],[92.82949260062922,24.37369563095198],[93.04153699583613,24.413113320431012],[93.0580778799785,24.57393984933942],[93.10425843168031,24.5824846979929],[93.0710486840103,24.60074484197207],[93.10932803446038,24.811576868956603],[93.1967038662279,24.811244300187827],[93.26290499908868,24.96143739763229],[93.24378308625174,25.018387458750528],[93.47040459988094,25.30516118384988],[93.45809611741988,25.43108452218574],[93.32659244815513,25.546023206957358],[93.7142274058117,25.84461278135233],[93.68143590026322,25.904485757041634],[93.76535641439267,25.969850961635473],[93.79537854327761,25.809027454947245],[93.97859914961217,25.91682877734492],[93.9529059472842,26.00306519138244],[94.00098547820782,26.172366297419195],[94.10496212073036,26.320047164521124],[94.17446342948469,26.34055899331899],[94.17164264133915,26.42988329650841],[94.25624635298823,26.541321533380493],[94.28469461373244,26.561167127376326],[94.31649403694912,26.458412597230947],[94.46019316713743,26.66172797307085],[94.75823650675004,26.766103246566406],[94.92213100420047,26.945826915826064],[95.01667161721443,26.92115992762176],[95.19448614150792,27.03139423080489],[95.1946454837747,27.031319394633655]]]}},{"type":"Feature","properties":{"name":"Manipur"},"geometry":{"type":"Polygon","coordinates":[[[93.45389382726688,25.324915826952036],[93.29985726477625,25.046140726109755],[93.24378308625174,25.018387458750528],[93.26290499908868,24.96143739763229],[93.19685238649046,24.81146088233428],[93.10932803446038,24.811576868956603],[93.0710486840103,24.60074484197207],[93.10425843168031,24.5824846979929],[93.05818146022231,24.574161098999205],[93.04298420780997,24.416608045855384],[93.00875933512282,24.412504933550046],[93.04034237035721,24.341369589694015],[92.97265248832213,24.112862066496003],[93.07841110899227,24.101774553038645],[93.09937244095107,24.04324880348596],[93.14046300620072,24.087919167774608],[93.20966815837221,24.0482182019184],[93.2497524658749,24.080428442492842],[93.2532747870534,24.021244170700626],[93.34869903957468,24.10498611355127],[93.50511773477277,23.942493835357276],[93.62375862152032,24.01137256448659],[93.7543018516092,24.005539799657768],[93.80776267556365,23.926760203086634],[94.01646532354059,23.92703363927336],[94.1439159119227,23.835809956467955],[94.39834558545216,24.48234862796317],[94.5452280386819,24.710458052899565],[94.60501397241707,24.715869876100736],[94.74408122999866,25.037007641089374],[94.73647672072569,25.13505256426853],[94.57563994477198,25.21386287805357],[94.67545193565354,25.445610547355752],[94.55339513946112,25.504098158529683],[94.59638938840973,25.6829532190996],[94.32158707497832,25.502932421231435],[94.21861231181407,25.49158604834132],[94.17809904349186,25.550610720842155],[94.10807142888054,25.521922869960896],[94.01283821298587,25.592601546003877],[93.7649255473481,25.538483513718084],[93.80498854321898,25.463309590692614],[93.68657143579186,25.360086585767892],[93.60517885992367,25.19901455206996],[93.50125199933929,25.24238018010091],[93.45349263786436,25.323626788754968],[93.45389382726688,25.324915826952036]]]}},{"type":"Feature","properties":{"name":"Karnātaka"},"geometry":{"type":"Polygon","coordinates":[[[74.1183538327733,15.652040596990107],[74.25050758675803,15.657287208118492],[74.28271563024124,15.531448161534241],[74.25097302007642,15.491624031724239],[74.33649918743629,15.294979120108835],[74.25139839751627,15.25859097983875],[74.31702169805368,15.186298646762069],[74.27270271703031,15.097532494235045],[74.29655158824848,15.041243196535694],[74.25243483596184,14.958763082619964],[74.08568785959928,14.900641739228085],[74.12508831560876,14.840650547645785],[74.09300140724666,14.80419293318401],[74.26310601574838,14.719243771051168],[74.51505215833436,13.98687310733901],[74.61006424404037,13.866907052976703],[74.84682496861953,12.79533369202314],[74.88233751697767,12.754125232948109],[75.00318767631755,12.791739318042643],[74.98248703365756,12.738453936151398],[75.05029927252255,12.719452718635994],[75.04662690304718,12.666750663703596],[75.08521607255729,12.705296719354994],[75.15247030940881,12.6822604542289],[75.13770764126966,12.644704309987917],[75.20174170528851,12.628988241894003],[75.22033850702778,12.5682010521295],[75.27553271925619,12.619779893208296],[75.32619029556932,12.593669274980297],[75.27314218011426,12.536877091447144],[75.33633549289236,12.464166704620604],[75.41737282548988,12.498515068605155],[75.36564208311076,12.456821813409992],[75.42193761460612,12.372746205162798],[75.41408524128164,12.289636578279735],[75.48494460781114,12.289988164913174],[75.66164594968605,12.098500870704854],[75.80272633810753,12.07950439282958],[75.85852052702936,11.958930661902944],[76.00319106302659,11.931470339847428],[76.11248340000462,11.978798815299925],[76.11999716056927,11.850388543581065],[76.19037489086763,11.87129129272529],[76.3397217759596,11.739082952551996],[76.4142155752117,11.758925686859083],[76.41670758625146,11.671821582267414],[76.51162569470402,11.705098568139624],[76.61377227944826,11.607689447211],[76.8535308959296,11.597084910654736],[76.83495472400082,11.655530754088979],[76.90033032847168,11.78403085811561],[76.98294492753664,11.811961020628297],[77.11765843361839,11.721181703494356],[77.11070002054556,11.773582283515912],[77.24983086627284,11.81312017365265],[77.42723914993698,11.7609537333848],[77.4941398071977,11.943399323708942],[77.67564961788776,11.95207918942064],[77.77667625589928,12.113712334073295],[77.72767209624021,12.1815912450574],[77.47201668228533,12.207954992265371],[77.4790381490063,12.271333985558126],[77.61678543648249,12.368258272627251],[77.59885555389157,12.667212498298946],[77.73990879612354,12.673043956964857],[77.83599545286062,12.870381119338248],[77.92930560390406,12.890966442741178],[77.9205367810048,12.82820889773221],[77.95231623557105,12.857168031086449],[78.0097314919152,12.805790807538862],[78.05331224462464,12.853904538816527],[78.23092787652435,12.760710107975598],[78.25217415948113,12.860601143331289],[78.31242174462734,12.858568140977718],[78.35585090303931,12.94078945888857],[78.46474446169302,12.86681296669072],[78.41113825798622,12.945316491987917],[78.57974123008262,13.167406613708806],[78.5500372368606,13.200226090161088],[78.58734178497168,13.280686091190056],[78.37712913008761,13.33201465250378],[78.40866431925333,13.342926454260638],[78.3650589023995,13.361842316465713],[78.40224109637562,13.587299309632698],[78.19295901887074,13.564887992574484],[78.16756687972371,13.655865469317408],[78.08709825256628,13.643107123059998],[78.12362642540488,13.845392071200344],[78.04885893014695,13.896130252111975],[77.95297639040535,13.827392839074239],[77.97203088288357,13.960156182806225],[77.9267624248257,13.90536506572061],[77.8265856209207,13.94476277717894],[77.83706854346808,13.869779997044969],[77.71930533231267,13.800315120156196],[77.71735858966723,13.741115207691573],[77.68007524359345,13.786818219419796],[77.62771372039154,13.734641554997241],[77.52726385558964,13.75385184646231],[77.52523108308603,13.691045256179557],[77.45533255278778,13.682304121462154],[77.43252100395742,13.843257185007403],[77.25669795391896,13.84656357561685],[77.23562634567422,13.90417695378639],[77.20043513277804,13.863078364703377],[77.18471507344677,13.925226410980235],[77.12820421487947,13.85649990607147],[77.1730554126744,13.762052289942131],[77.06470490986446,13.743875318085939],[77.0244779885222,13.779266324834127],[76.99850866833039,13.745616785471887],[76.9780280051172,13.826908926052406],[77.04166447658793,13.933474045173654],[76.93114482623443,14.03024094369827],[76.97758030005095,14.07132821940321],[76.89454694592644,14.16784994484616],[77.02334023807887,14.176725765340127],[77.02780331993868,14.06218091381123],[77.12740982030068,14.047053627220642],[77.14922966229504,14.001202687380577],[77.32223562614519,14.030033425901864],[77.37128992796679,13.95279099464073],[77.34784197755488,13.91600377437425],[77.40002151196171,13.888328792370194],[77.43788420042682,13.975560740145298],[77.3323076278406,14.030727018525221],[77.40092576510989,14.11875012094729],[77.35137527345121,14.130017076256001],[77.39372539979838,14.174282095880384],[77.50351051481202,14.157154636558023],[77.50386878091363,14.263783632549707],[77.39281209163218,14.335867459225346],[77.39199508106779,14.198938614306625],[77.36382868291365,14.275863106734917],[77.28354612739429,14.282772595462196],[77.28657666946373,14.340134386217954],[77.15735449105193,14.342134242849854],[77.1077686210424,14.219946170107422],[76.94006892832044,14.244644952998348],[76.95673799846058,14.294383426449603],[76.88483375291507,14.39574476586198],[76.9428437011639,14.399754052407108],[76.97483029465822,14.485365120706206],[76.86797879079992,14.4740735883859],[76.7650152484919,14.602157763892087],[76.78270952095005,14.785970067848332],[76.853999412266,14.809475799719946],[76.86964518361827,14.937740177534371],[76.76656426563859,14.97564686173467],[76.77672063081727,15.078429550809274],[77.08247333645268,15.006109268727117],[77.1691569174791,15.171375305638623],[77.12514504529852,15.22696557206009],[77.16695576206372,15.268609857119882],[77.06375418327337,15.328043670705217],[76.97404815669316,15.498258062714543],[77.03006961039871,15.50267159913053],[77.0304640507585,15.634515061458835],[77.1214536980145,15.631106996135646],[77.1289058584052,15.665888390288872],[77.0491308438348,15.730279549702312],[77.03265151135739,15.856935338448967],[77.18532270558305,15.956761165852102],[77.51346826787129,15.926810324278092],[77.49009577234997,16.255199968496616],[77.59783801240631,16.29313162333594],[77.59395155104257,16.343911968415057],[77.34913035301348,16.38386301161978],[77.23591259653445,16.472661392766984],[77.36904680326133,16.488687557996847],[77.41915033553813,16.52239411653881],[77.39290897763053,16.56998952650212],[77.46743014046449,16.59885169571969],[77.47614459193285,16.650121234707292],[77.41889546462741,16.668586128617854],[77.46983607493372,16.687043677052873],[77.42610333715972,16.722886863121488],[77.47653666253693,16.788380359644176],[77.45405283349524,16.913908292955803],[77.5025688180862,17.014113904065457],[77.46366159016831,17.110004883839906],[77.36376517561632,17.158789113111894],[77.38022890884885,17.22253708343567],[77.45857583747606,17.279003245197124],[77.45364791338935,17.37399468287535],[77.52984235373,17.370716213085657],[77.51303975890434,17.43087443006733],[77.69248677090242,17.497433637730712],[77.593841338537,17.564515658076807],[77.50694134707042,17.542281685337247],[77.44316300376857,17.583965336844308],[77.4524751717691,17.694704189365932],[77.56857803756463,17.74890660350295],[77.5066025241048,17.78595242452395],[77.65589998388984,17.968836947418062],[77.54768303181655,18.056127693723656],[77.59885068771769,18.093327496613036],[77.56350915253849,18.196123948205944],[77.60546612491339,18.28134301902875],[77.51268195992667,18.30959209650403],[77.4650882810278,18.262530130476797],[77.43771647867509,18.31030735338345],[77.36584244347259,18.307118267146933],[77.41420858817584,18.392244074161255],[77.36569022304937,18.45155595492161],[77.24182368268221,18.412599321358357],[77.2130680930079,18.280313971317227],[77.09765435540956,18.19671808052649],[77.11159808699632,18.1558284777961],[76.95199218893312,18.188093787156273],[76.9190366114879,17.91595136819251],[76.80672608607222,17.870573232467258],[76.74002992579433,17.89969872048157],[76.79045015732795,17.826332607914768],[76.71414854707557,17.780938966971505],[76.69089645095517,17.68100491411407],[76.61538970330383,17.77039541446388],[76.58208139876906,17.705681686448163],[76.5727922500977,17.760525752866126],[76.52333558208055,17.75979622685629],[76.48980813353221,17.66049929057734],[76.33134774466141,17.5974191763816],[76.37557562034533,17.490221865790037],[76.33332206828108,17.433903631758852],[76.40917836837573,17.371391261964355],[76.38321760014541,17.314529891706837],[76.24214758457052,17.378840266234825],[76.17037609834587,17.352618526420436],[76.17637572604127,17.30079147303118],[76.11901562625553,17.37050734122461],[75.93088413687519,17.32257606986049],[75.88425477158607,17.4179616328097],[75.8609445167375,17.385597383463313],[75.821507978098,17.42122452888658],[75.79300780640847,17.369699885051137],[75.63305039308301,17.477215271676645],[75.57421335247741,17.383301038239985],[75.65778441567312,17.263211275751605],[75.6254445956259,17.174004921454],[75.67235543722956,17.11600126676585],[75.64106500394442,17.037587810788764],[75.67038636695767,16.962059357375825],[75.57316451278932,17.00961304510774],[75.56771912316636,16.96575300868303],[75.48914572476443,16.944429972367253],[75.46562105912554,16.988371647266792],[75.27967408027672,16.956563008271107],[75.28210063377668,16.880298112742548],[75.21427366074444,16.841707203123164],[75.0894080284913,16.951588448467632],[74.9317838651488,16.944761217490996],[74.9636544636821,16.909717861354604],[74.90159212625342,16.862557212080663],[74.91951971634371,16.772499550153782],[74.6910979645121,16.715549942523104],[74.65355656479656,16.638838756198954],[74.68705943723538,16.606797823400026],[74.56861576482868,16.553878924684625],[74.54456908189,16.63547774531673],[74.46882403724497,16.663811479508198],[74.37991433212981,16.528602314958977],[74.31579639600615,16.554464211647026],[74.3062253721683,16.503703081196292],[74.27062780006514,16.547973390966607],[74.24745636187745,16.49692331245357],[74.29097797759343,16.504912200214886],[74.36377531561796,16.405102978722034],[74.31727417495418,16.38101560022987],[74.32501428132603,16.271769614162658],[74.41447403297451,16.282664537935652],[74.50714393495203,16.191614550015096],[74.48297626421594,16.090127425777876],[74.4276968665458,16.11198086477634],[74.36140634951761,16.053852330916623],[74.4633032645966,16.04285268942558],[74.38693204119792,15.905007900983756],[74.40623653302309,15.855403537443078],[74.36868165318839,15.894386389418216],[74.33827564992806,15.854945948953327],[74.38315140406961,15.849132113321799],[74.36755834495992,15.785844763689411],[74.28580157321092,15.741619766408672],[74.20903439668953,15.78129726657468],[74.12223302766472,15.720760050431986],[74.11599485414226,15.654179976541101],[74.1183538327733,15.652040596990107]]]}},{"type":"Feature","properties":{"name":"Uttarākhand"},"geometry":{"type":"Polygon","coordinates":[[[80.06508911589948,28.836732767314864],[80.14463722052066,29.102582111564523],[80.27125244126555,29.140385592764037],[80.24803862685098,29.22086983715506],[80.29789186872671,29.205209714465912],[80.31762663291174,29.313091090011355],[80.24212843632361,29.44273074324496],[80.30042787745246,29.4504579929924],[80.4092394693281,29.597530812066505],[80.36797056513835,29.748572020653615],[80.49342091979308,29.794642883271763],[80.60194777716468,29.956993948377093],[80.74395971943412,30.00448230475528],[80.87687052323467,30.128630922883943],[80.90738921296088,30.22268457993899],[80.92843542313759,30.174767486211472],[80.9951929644005,30.186445865580215],[81.04445295976095,30.206082909700424],[81.03211977991779,30.246809140811962],[80.80368100501157,30.32350616640053],[80.6072084237579,30.471684952662237],[80.54094799759679,30.4482695632563],[80.2126039471566,30.584186140897344],[80.19340195041042,30.66745045812803],[80.23595142100399,30.759293602442156],[79.93221439832224,30.879962915819796],[79.86481691521719,30.972724802094774],[79.75319740446078,31.00641602346287],[79.60105851683821,30.933221732774264],[79.506926048882,31.0321153765987],[79.42643459014326,31.024027844608636],[79.40949285795817,31.10836240729762],[79.31836049535299,31.135910728952112],[79.29629322768498,31.217550701048154],[79.22188340653891,31.259934817311585],[79.2333076080955,31.333854981710488],[79.09609469604253,31.451690928768688],[79.01640530080019,31.424083804707692],[79.01509555801427,31.347019313490115],[78.94330463134858,31.365723583659435],[78.88116667463761,31.28428667179742],[79.00891512191004,31.110012428483547],[78.88543154861983,31.098809167380413],[78.80990966615263,31.19837198582515],[78.65800067627589,31.185124673066184],[78.60933667537724,31.229345446894673],[78.48374484594673,31.199020423309282],[78.37030690879833,31.28641760943166],[78.03032957212257,31.15104414984335],[77.89872235405501,31.150305549151156],[77.81134277810939,31.059172531660984],[77.83757947196402,30.95324194253167],[77.74899180209844,30.953549382953817],[77.81328497078793,30.921938086927373],[77.80566865855043,30.853282160918116],[77.75820980689427,30.87686603087348],[77.70376322295097,30.765226500188607],[77.79207474620664,30.660230995785724],[77.79624409693481,30.613711515600325],[77.74285839279936,30.59391295029039],[77.81784048839212,30.561088248817423],[77.8185114840953,30.508132312856205],[77.57230026174163,30.410508923087782],[77.96168597659813,30.242430277164495],[77.7399516942716,29.974759556864257],[77.71412022145846,29.87027032687316],[77.77112042470033,29.714459649239384],[77.83003758335119,29.66834997154569],[77.9470120835686,29.712536871087835],[77.98377718526676,29.64368931606862],[77.93329216723487,29.600565780085066],[78.02158845685996,29.580905430082346],[78.20391367731655,29.737321800538858],[78.335651480782,29.79666482084687],[78.42849920876161,29.764515258688323],[78.51397551153833,29.723115275174425],[78.61772794354911,29.558086059381893],[78.94233080008843,29.438632602777982],[78.7959081450453,29.31182327121917],[78.71858479188707,29.30669765794415],[78.87446359420954,29.230259967596748],[78.90662280886718,29.124859090888062],[79.02669822427508,29.112475212043407],[79.03583915002628,29.169451128798226],[79.12686688225706,29.13274453281875],[79.17105656427006,29.011927886415805],[79.37236130470956,28.987532182446785],[79.44046069634331,28.861798567064017],[79.55648257003284,28.899321567231542],[79.58436542844228,28.84633396893951],[79.7066740017476,28.841071802926702],[79.82930060022305,28.884518659034377],[79.80803830210137,28.80097135352599],[79.88822781461522,28.836622515539506],[79.91552810029154,28.80433844669689],[79.87306360942553,28.797347016794202],[79.93982606537138,28.78778140802566],[79.95417132322893,28.72289700588437],[80.03013885721366,28.74869924671377],[80.06472911245612,28.83646829978255],[80.06508911589948,28.836732767314864]]]}},{"type":"Feature","properties":{"name":"Dādra and Nagar Haveli and Damān and Diu"},"geometry":{"type":"MultiPolygon","coordinates":[[[[73.2106581122849,20.120451386782353],[73.21797072478608,20.18584925792529],[73.16854263397478,20.20815199011603],[73.11531667724628,20.15181219309064],[73.06049397677837,20.161815211386056],[73.06368645544916,20.227557735707624],[73.1671452560413,20.288474268030157],[73.10142423047907,20.30279311807459],[73.09677450116112,20.360343666237927],[73.03468771877694,20.291360887147214],[72.91220701299183,20.275463615834948],[72.96609383781697,20.22383108268311],[72.96439200915559,20.12595439848203],[73.01146013947728,20.134606660107472],[73.03961630851526,20.06708978826351],[73.06429430048615,20.098514077299093],[73.19230409192926,20.049487504853765],[73.21082227580985,20.120408188996425],[73.2106581122849,20.120451386782353]]],[[[72.85555080611327,20.467484334508974],[72.82123644146087,20.367663040128463],[72.89665760032685,20.379774579698037],[72.85594286953081,20.46719569306092],[72.85555080611327,20.467484334508974]]],[[[70.92029679026379,20.742846013918975],[70.87605257332658,20.709123500014165],[71.0074547796766,20.737382930228392],[70.92039436796489,20.742797582954246],[70.92029679026379,20.742846013918975]]]]}},{"type":"Feature","properties":{"name":"Madhya Pradesh"},"geometry":{"type":"Polygon","coordinates":[[[80.66004059410011,21.334107258188677],[80.7374332118583,21.471319134576213],[80.72613699507687,21.71368852609587],[80.83858883267327,21.80034738232289],[80.8255664339031,21.958361976825785],[80.92194412502933,22.119974690808966],[81.00525828712178,22.061570326327963],[80.97796248044544,22.122649801652116],[81.02190457059643,22.132754322294776],[81.01945423599594,22.22120959767237],[81.11870888512581,22.29128654243608],[81.11115484590043,22.437600196671028],[81.1726824827158,22.48793481459603],[81.23218075074418,22.452182042697068],[81.28125865759648,22.502981691700093],[81.31371715497417,22.4829491247078],[81.32651577352559,22.52617216239635],[81.40669295396721,22.44098009271495],[81.5222181527294,22.53904269713924],[81.62192938048388,22.5380468121436],[81.68330179650299,22.646938436212153],[81.76852082807058,22.664260549617918],[81.77566876321052,22.874469197293408],[81.94629211016124,22.956812864165318],[81.94223569652888,23.0789989942705],[82.16134284323059,23.143151093933003],[82.14481941515082,23.227406101105625],[82.1939448051524,23.32387999049112],[82.10339607798728,23.398271077851064],[81.98531864243371,23.414529132953394],[81.92327094125598,23.53269272488272],[81.83641047206864,23.51094013055471],[81.74662308058154,23.56982844595228],[81.62703965179347,23.482056981297568],[81.57667155488569,23.58537398459333],[81.69589561444096,23.721350852904063],[81.60855275892922,23.902537639385883],[81.66856878175136,23.924992643676386],[81.72545994658576,23.839855001838238],[81.81556564800893,23.806396997904162],[81.92145917407518,23.870945629839543],[82.05271074732512,23.819458337028546],[82.20952558968204,23.85277590000736],[82.2317961299292,23.805350650248098],[82.52337858569409,23.783716858309532],[82.5330553610038,23.822186505479156],[82.63531820301716,23.837748508243738],[82.66157040898014,23.907682649530354],[82.81032738928965,23.962434224855883],[82.7506155773452,24.01270605721013],[82.77409171689074,24.07594056884909],[82.66447267162704,24.12833096012469],[82.74434310434857,24.165614943256358],[82.77331223434565,24.343816673332892],[82.71344800794189,24.38034686320575],[82.719251306137,24.552476443235147],[82.80093174893463,24.58023244602314],[82.77380318520798,24.6417831159017],[82.7067781876372,24.63607711251467],[82.6710388074833,24.696983247416235],[82.53910998715415,24.647770396111767],[82.42951525389529,24.70266350276361],[82.41610676280926,24.591154411374156],[82.298471339698,24.604983768133337],[82.30299704311624,24.666943929330348],[82.22975031478596,24.68166445213074],[82.25082679908606,24.76985087929428],[82.17746849191265,24.732339997865253],[82.20361408222445,24.819220203185083],[82.11563158311128,24.78445127718449],[82.01693835408454,24.846026573553985],[81.96528923802202,24.827054200737464],[81.90286006546226,24.891689944867164],[81.90707741856598,25.00621314566481],[81.61165808035618,25.056334812675818],[81.62623301587229,25.160751475315404],[81.57275706339014,25.192206805321796],[81.51453086100804,25.183684167883122],[81.49119522785442,25.072278441849264],[81.40729231711127,25.105137344081918],[81.43828665220403,25.130572507098147],[81.33457383410068,25.16925194753799],[81.3213749406317,25.112805716874583],[81.27755320586418,25.166008646403903],[81.21966757007766,24.928617443117453],[81.16804234740509,24.955227283633654],[81.13963412547142,24.887529583602095],[81.08477002883856,24.949682864383266],[80.95723770544372,24.91786110181401],[80.94665553702373,24.966300207843343],[80.8121656000566,24.922525926080503],[80.79228550732324,24.964920641980356],[80.85223412954964,24.988740901183952],[80.83180807761754,25.0328839917179],[80.91293932817966,25.159094498508516],[80.88468317844716,25.18795026010085],[80.83817537138566,25.180561302314473],[80.82990616809123,25.10004801164414],[80.80831840495223,25.13693030956018],[80.70441664599181,25.128385069774133],[80.7762202622592,25.054836897386487],[80.67958674890637,25.048552389527078],[80.60185395711639,25.15046272000899],[80.61320797419816,25.065682873577146],[80.47963363071133,25.096367734346273],[80.54930952973609,25.002114237291575],[80.43726993890503,24.994336909398065],[80.44897652227795,25.040559948567868],[80.50196371848202,25.03663966931515],[80.4484741996424,25.07865173396803],[80.33057380945493,24.992333770793124],[80.2858403547426,25.056037006747125],[80.35545128131781,25.05567937094357],[80.35458559643806,25.138366275661717],[80.43169421810738,25.177626569005557],[80.40337271414134,25.244043983324854],[80.31082887184932,25.286416684756738],[80.31544085665395,25.3888815117971],[80.26387319622816,25.424061295244666],[80.13112652720646,25.334238993121065],[80.03347951299055,25.34206063483671],[80.00481639050173,25.267235037155736],[79.91753500490823,25.22678881333385],[79.8513684401179,25.235616599426965],[79.88152998573828,25.142054696387273],[79.85123657551904,25.094207234080745],[79.74850031416442,25.13967515734274],[79.59966576522842,25.12793331720006],[79.56919323722974,25.171824951379204],[79.49150789265644,25.079616926744006],[79.47724026990066,25.12748784816405],[79.40533943256338,25.106230769334037],[79.39027695888466,25.170120733324936],[79.4945115454545,25.266865769486657],[79.36860993109993,25.292441908265694],[79.36289841018416,25.26169925698507],[79.35218446879345,25.329839804950417],[79.2998298500428,25.337657564337036],[79.26304236502273,25.27218671419476],[79.34736141493136,25.266698115883155],[79.35209522206831,25.212195131299783],[79.27936515528212,25.244710334645372],[79.32319565850513,25.14976411614211],[79.28297520862621,25.117290587565364],[79.26046188160556,25.153157559173373],[79.244914322165,25.113678848597132],[79.19224789638258,25.14624756117527],[79.1239751828996,25.111045125162725],[79.09058448309035,25.191073181778755],[79.03100252801008,25.138390143987536],[79.06363762608783,25.222023396105943],[79.01322040301208,25.27404900378575],[78.97484299605885,25.240491595811427],[79.00587222890378,25.19504564799271],[78.95384692714636,25.21895601787509],[78.88190711999368,25.156890656339435],[78.87980496251588,25.25263545398994],[78.97992329957057,25.279045152772582],[78.96061431706731,25.345082399987593],[78.88200256509434,25.343634918404547],[78.849652134147,25.228782096600355],[78.79231998184805,25.308084596943612],[78.88024132724998,25.38589102650679],[78.95309733873732,25.400089490479232],[78.89641692855004,25.374109284428304],[78.93871111410957,25.346975458388716],[78.98933064407547,25.37404025811137],[78.96723073252836,25.43435864631833],[78.90887138005822,25.44241948307606],[78.95178854097905,25.54878760821886],[78.89339453599686,25.555314403251085],[78.83341227904957,25.50263700031695],[78.84655917533496,25.42868545472959],[78.7353114575117,25.49139918969673],[78.76235810566419,25.426897490106647],[78.8214168432954,25.42252625150395],[78.74826219407838,25.409784718864802],[78.77463096722924,25.353046797166805],[78.66012420467433,25.38395073612581],[78.71148549872318,25.428081441204778],[78.65818230933812,25.44102031791889],[78.56649906296978,25.390753387868948],[78.58498252337132,25.346820201120615],[78.52962361132381,25.35337887054569],[78.53299267183002,25.300942857499578],[78.43502884876283,25.284160950332097],[78.57800495911495,25.25328711434187],[78.5557533310995,25.209207523825196],[78.65261511265422,25.050585471604293],[78.63172952484355,24.957687213432116],[78.78983785137807,24.810971036084073],[78.75202907350814,24.600171165082962],[78.8832206635516,24.641290879139277],[78.97152068298175,24.49423482392745],[78.92057500348226,24.499711353681437],[78.91420855592713,24.459609790336426],[78.99364689091216,24.422742871832604],[78.97145320513087,24.347597896997335],[78.80636707359145,24.17836848994087],[78.76193024707752,24.25945824663573],[78.66863295541735,24.240029803873725],[78.51862086067098,24.387810333204833],[78.3895523157323,24.262651459665395],[78.32908239216339,24.327112022198584],[78.3657854328518,24.385961269932917],[78.22582073225024,24.520096638305937],[78.27669510168583,24.662978931418987],[78.16896864592736,24.862605870248334],[78.33397455611528,24.994906474682196],[78.33863296854874,25.086570972844953],[78.45825964043796,25.163715113482223],[78.31173194988021,25.30329609583989],[78.34379095746793,25.328451979277744],[78.30530965316557,25.37674716175745],[78.43130432579703,25.473628038485817],[78.44360198894877,25.563202792217588],[78.65827982236054,25.55985079225363],[78.81176103915597,25.620782074519923],[78.75292235643002,25.750938677750003],[78.81817498603007,25.829146475844187],[78.85057321453706,25.811217374467045],[79.01190737868043,26.08267119626789],[78.9489057816553,26.128686616948396],[79.02653978032359,26.191325645640728],[78.99172759179861,26.23897135912705],[79.06344347949366,26.225911874763142],[79.04564689431453,26.260341424818794],[79.13883375158524,26.337549243244567],[79.08417285207304,26.35930507158285],[79.13517684481087,26.440137533094095],[79.05261460674721,26.453743323931008],[79.06812575746928,26.496627393708017],[78.99010127462171,26.578036949799067],[79.00478765243705,26.673353358464006],[78.94549151073748,26.654831692555973],[78.95556571420364,26.691782055860596],[78.7255724585972,26.795931833084843],[78.57624323528202,26.74879711865969],[78.35997891958633,26.86915747217528],[78.26814798479536,26.81283474049077],[78.17296821327018,26.82468798045264],[78.18364206913795,26.783817748186053],[78.112049476114,26.794926408558496],[78.08972728004309,26.674467341728946],[77.90360060040817,26.658965925485994],[77.82363825745665,26.550447771078513],[77.4376072354517,26.403408796800104],[77.44434900811568,26.361576778735365],[77.34250395547299,26.352205647756605],[77.27019686492989,26.267065790556845],[76.90114892456255,26.09316869342429],[76.79096963598876,25.943127335841957],[76.58225453826029,25.87021146290822],[76.52218384756321,25.728339836927788],[76.47412746532612,25.71116368628446],[76.5558278552146,25.452559020279455],[76.72932116319126,25.32854058361571],[76.89909421430139,25.324188039310407],[76.94305761608418,25.282145560042117],[77.08352262619673,25.336712560111646],[77.20917624175247,25.30616024636944],[77.29123993998626,25.422721282510764],[77.3709224882695,25.408367282915506],[77.342156276017,25.321736003296337],[77.42653977375905,25.187960327871814],[77.40658330715856,25.111691096872732],[77.31120134282925,25.079722160543167],[77.1745831532236,25.11170961086268],[77.08530878600199,25.055086600982552],[76.87616198130418,25.04151853814623],[76.8568659444225,25.002453065626216],[76.94962582794706,24.869356696245433],[76.80261732401497,24.809274809456053],[76.85613114857122,24.74245568049536],[76.95438916091078,24.759482755274018],[77.03066649688753,24.712196553307848],[77.07132775366965,24.572426225809508],[76.97782534698574,24.461228482289567],[76.9184459691886,24.48068819081257],[76.91760755985581,24.543377615124],[76.81640457896077,24.53361081448681],[76.84149821871866,24.322509949861647],[76.94714447002825,24.20101277831509],[76.90075575531888,24.127207208165853],[76.80197816191058,24.116543684470514],[76.69885480212697,24.168376189479204],[76.69543910648112,24.284279220235742],[76.58476727612862,24.243744048990134],[76.52764252147259,24.15701073341491],[76.47054876947365,24.225948987490476],[76.2124604069123,24.209804427987102],[76.1854232620372,24.329312066701792],[76.11744142843312,24.194140359822185],[76.12707980435769,24.088023497969342],[75.96345367320853,24.018657575303312],[75.981361909096,23.928920369720046],[75.78209193542,23.84879777972796],[75.70602758820051,23.89926886990068],[75.73657278271918,23.856489666056472],[75.68692551106335,23.755335365883223],[75.58354172518733,23.79472778177053],[75.56433615584126,23.856430396740823],[75.46224618202791,23.9144868099932],[75.47390181385623,23.981961094383674],[75.5210945521859,24.024591741785418],[75.59571610534611,23.99001862720798],[75.67085386909618,24.018048517782315],[75.7175237016922,23.966859808279725],[75.83681101072833,24.056979082459538],[75.75101578087289,24.143434020873208],[75.83025953447918,24.233418699283618],[75.72776832634756,24.390467644714004],[75.78938569048674,24.471554215049697],[75.83878701958744,24.41413082412865],[75.90919065550197,24.455028373941417],[75.91474567642054,24.57229927906008],[75.82516288881583,24.612992416038136],[75.83627522405185,24.727788675087638],[75.75682849790375,24.761506083794536],[75.61083554299363,24.680981145519194],[75.583096230875,24.71325172924793],[75.21943808609262,24.702499166799825],[75.18443119311972,24.748448538163167],[75.25235616785788,24.81304415322303],[75.22423800025135,24.843956999391295],[75.31105358062393,24.800933760130658],[75.42566122308696,24.868766615160798],[75.26342841757099,24.874801500069346],[75.29428258314007,24.90890796357397],[75.2610533357402,24.963401314240645],[75.31844139558912,24.89410315612766],[75.33433439408735,25.041055426221877],[75.1658127545585,25.047563103379797],[75.11681861470811,24.8778572083731],[75.03403866544376,24.844593955780486],[74.83364071050316,24.95960887518808],[74.84932090260216,24.775922680026156],[75.00096323028174,24.7746363266522],[75.0162896397707,24.731925090639933],[74.88883687297403,24.63362636400426],[74.79989786122103,24.779140524995007],[74.77176276665959,24.661445139050194],[74.8136403818623,24.649539029357577],[74.70872383205801,24.486418956176717],[74.8542251479963,24.444498056921514],[74.74710440018272,24.253402061422005],[74.89684529354486,24.227115060892444],[74.90334826166698,24.10919256978814],[74.98244480924596,24.025701971680185],[74.90249829820303,23.873155886913292],[74.93651696531165,23.628550816697626],[74.60406044995867,23.45745702765649],[74.51415541240704,23.328243267920623],[74.54667463499962,23.277038427578017],[74.69975878476139,23.268379652040814],[74.69184009870091,23.21918161770257],[74.74153757629966,23.2083593413509],[74.50576569382905,23.085121737479206],[74.38614457981649,23.11146729278297],[74.3188922186473,23.05875247757871],[74.33951956147502,22.952825875095293],[74.39323849207187,22.896778677076323],[74.44693723842258,22.92126000699379],[74.47656899990925,22.855455217568473],[74.37906625512794,22.634572992163744],[74.2636650104002,22.64401994259096],[74.15115596808653,22.52134857626366],[74.05681000202831,22.550047667665694],[74.02969576014225,22.507656883243705],[74.08288702662941,22.506564453507202],[74.11944611678516,22.418801734112193],[74.19063664634585,22.47586273586356],[74.29105778302493,22.393876633196545],[74.19018631370739,22.320182446169856],[74.0649235156059,22.354460346838607],[74.07220858935372,22.2190845493218],[74.12248982007183,22.212368406174342],[74.12451991829086,22.097782272965542],[74.17863314731365,22.08549382724319],[74.09697266687829,21.99919807043551],[74.20524750549018,21.92595230144255],[74.28342364461894,21.93405925073411],[74.38664791126007,22.03380925230759],[74.44335406626509,22.02338750271014],[74.43942980738746,21.976728559177257],[74.52417296900965,21.911187643019876],[74.50541575421181,21.726149872798004],[74.55418998109074,21.681301015426115],[74.78295954173572,21.610634039467737],[74.90177538077475,21.62918697379833],[75.05165974407088,21.5664957176398],[75.12587049136347,21.449208464457175],[75.29963807745425,21.38456389772893],[76.09562065219089,21.371118382500566],[76.17636622096725,21.18395072616421],[76.11226670839176,21.15530295597121],[76.16645205506393,21.079004385659395],[76.27901079667069,21.069906850278162],[76.45564880462311,21.107623679915164],[76.49307364523558,21.193816542840324],[76.62318526088158,21.18491704210026],[76.66268375902118,21.275894225216565],[76.62149647306319,21.332228399623503],[76.7857965257284,21.46502279245195],[76.79518548800762,21.593905201940988],[76.90193087028814,21.596857492824295],[77.07324859069897,21.71942737146451],[77.21039535530602,21.68964038300406],[77.28979480491734,21.760236371587865],[77.47911897672064,21.769965028182533],[77.54380608271336,21.70383652711769],[77.61177491320367,21.538540759525908],[77.42561451889787,21.537783525514637],[77.48864016022988,21.374165997807456],[77.53205747345653,21.41906710716522],[77.58735892836016,21.362668332692696],[77.69182975568003,21.397530388881062],[77.73705408040632,21.362179080210545],[77.80118102842889,21.4095169957238],[77.94109557878308,21.38570323394911],[78.1763372917427,21.49913486495538],[78.18197846828352,21.55663138181001],[78.36329234922357,21.574863289158284],[78.38744463990369,21.614825960221417],[78.45138120437484,21.49652712165902],[78.51184098147262,21.528513709168855],[78.72816716953182,21.462183494622888],[78.93671033779975,21.48571502628249],[78.9141349866003,21.588962691337667],[79.22390582416224,21.64862521354716],[79.2311990644943,21.72228070920034],[79.49617793378127,21.67399874933836],[79.54062279842037,21.542679401408243],[79.73763943354608,21.603857435728003],[79.89121814899089,21.51802797099437],[80.25328247764334,21.62477528411357],[80.3764967557743,21.523277132881415],[80.41230289512687,21.376633782997374],[80.52764884495558,21.394774314970448],[80.59989048155211,21.326806415078618],[80.66006475878126,21.334000327998922],[80.66004059410011,21.334107258188677]],[[79.39525978620489,25.032085651947433],[79.36030437568091,25.144263387207697],[79.39598296863619,25.032244147434817],[79.39525978620489,25.032085651947433]]]}},{"type":"Feature","properties":{"name":"Goa"},"geometry":{"type":"Polygon","coordinates":[[[73.67538205174372,15.727022158467594],[73.76622943370651,15.494661684980526],[73.81470270250742,15.491656969078091],[73.78790999101776,15.462499086469995],[73.93647852184864,15.434786804053104],[73.78299902442869,15.41151246587482],[73.89488934310727,15.331785793219813],[73.9495973350016,15.144836668913408],[73.91227208162155,15.085231856664466],[74.02629838563665,15.0075606531265],[74.06667054030582,14.907279689278532],[74.25243483596184,14.958763082619964],[74.31743859449894,15.18378771184069],[74.25139839751627,15.25859097983875],[74.33649918743629,15.294979120108835],[74.25097302007642,15.491624031724239],[74.28271563024124,15.531448161534241],[74.25050758675803,15.657287208118492],[74.18103660872093,15.682178177954391],[73.99077593155587,15.61148617167201],[73.93869751241573,15.742677183994847],[73.87524066986583,15.750693010123202],[73.85647553641874,15.800762637691411],[73.82312287217688,15.73986471323988],[73.67675730866334,15.727641233768464],[73.67538205174372,15.727022158467594]]]}},{"type":"Feature","properties":{"name":"Kerala"},"geometry":{"type":"Polygon","coordinates":[[[75.53658682930386,11.693938824344887],[75.61802859242542,11.47736258753094],[75.68269165500955,11.448435709682645],[75.74827890076476,11.318374089823028],[75.91000390482026,10.793443581823846],[76.10046569411621,10.381759535684132],[76.2405691152589,9.982334284270198],[76.34027659883525,9.40958928569628],[76.54519265924343,8.907579432814435],[76.97965520264306,8.382065221352406],[77.09779810741458,8.29248867977566],[77.17556474952109,8.32000302643087],[77.15067447307214,8.384458134764637],[77.22699535039071,8.446731115514014],[77.20127547528531,8.500969788757327],[77.28375606367617,8.54685140048988],[77.16999157904053,8.741850180160423],[77.25833876990457,8.874972032966614],[77.14700999349995,9.021366285015706],[77.26779965130542,9.153421294028597],[77.28296704371773,9.301419846029333],[77.41232049024705,9.509082635352339],[77.36105476167307,9.602365849241547],[77.26964118955304,9.572874617524327],[77.16582739901511,9.61294070168897],[77.24679666985682,9.798458529415488],[77.21834772998623,9.904908890535514],[77.2727897980986,9.964293512469489],[77.20118377975268,10.107203462288817],[77.26771637837689,10.122207643029055],[77.2952790897955,10.218546066864459],[77.23525271029641,10.352869869019992],[77.09142847623006,10.315060116029677],[76.98359357405383,10.219659293726579],[76.82992965969254,10.30315321540764],[76.81012200440875,10.623840723749995],[76.88212093597846,10.638965535985793],[76.90728614721,10.783407270025698],[76.82838585187616,10.872638198008037],[76.65905766535936,10.930588113269302],[76.6997058516541,11.026658177893516],[76.80077283210672,11.053978576918693],[76.74648747779064,11.056751507188222],[76.74806348661669,11.135479816017911],[76.70019005527033,11.153631351836916],[76.73454195512859,11.21807401762112],[76.45841393225535,11.187765637059615],[76.54783047134538,11.35896837110648],[76.41868184609073,11.441866009961204],[76.24722594592458,11.467987698647654],[76.2343359588273,11.571363636741436],[76.44340840727409,11.643702824102222],[76.4142155752117,11.758925686859083],[76.3397217759596,11.739082952551996],[76.19037489086763,11.87129129272529],[76.11999716056927,11.850388543581065],[76.11248340000462,11.978798815299925],[76.00319106302659,11.931470339847428],[75.85852052702936,11.958930661902944],[75.80272633810753,12.07950439282958],[75.66164594968605,12.098500870704854],[75.48494460781114,12.289988164913174],[75.41408524128164,12.289636578279735],[75.42193761460612,12.372746205162798],[75.36564208311076,12.456821813409992],[75.41737282548988,12.498515068605155],[75.33633549289236,12.464166704620604],[75.27314218011426,12.536877091447144],[75.32619029556932,12.593669274980297],[75.27553271925619,12.619779893208296],[75.22033850702778,12.5682010521295],[75.20174170528851,12.628988241894003],[75.13770764126966,12.644704309987917],[75.15247030940881,12.6822604542289],[75.08521607255729,12.705296719354994],[75.04662690304718,12.666750663703596],[75.05029927252255,12.719452718635994],[74.98248703365756,12.738453936151398],[75.00318767631755,12.791739318042643],[74.8685618449092,12.76021913860007],[75.20124565648693,12.006354083315292],[75.25033141730977,12.009835225664986],[75.53930713729163,11.6958657481506],[75.53658682930386,11.693938824344887]],[[75.53848825643483,11.761364662655966],[75.53116885177178,11.708435936222598],[75.53842116845276,11.76223950109366],[75.53848825643483,11.761364662655966]]]}},{"type":"Feature","properties":{"name":"Chandīgarh"},"geometry":{"type":"Polygon","coordinates":[[[76.83785601377225,30.754532760003606],[76.77148161745271,30.795266600596648],[76.70515164372233,30.742971970106787],[76.80381527775202,30.666415478615974],[76.83624716523437,30.7526744913251],[76.83785601377225,30.754532760003606]]]}},{"type":"Feature","properties":{"name":"Andaman and Nicobar Islands"},"geometry":{"type":"MultiPolygon","coordinates":[[[[93.89017692426908,6.903044841440477],[93.94014935192178,6.953037081269914],[93.91047407694109,7.004427499683647],[93.94286971740173,6.99890530688786],[93.86918640784337,7.205484488260921],[93.8370837322514,7.245243809988986],[93.67475845146512,7.191146492146462],[93.65607141934548,7.00698187682406],[93.73865628507284,6.962604775032034],[93.80200081036439,6.762342292040755],[93.89192062520247,6.806535124675756],[93.88978325466381,6.903081639920984],[93.89017692426908,6.903044841440477]]],[[[93.67858166244976,7.393488793146751],[93.62064077129011,7.373264129044243],[93.63646242558845,7.244321637734998],[93.74309442610705,7.362371703777681],[93.69862516232652,7.447362433054017],[93.67880353195187,7.393597156593093],[93.67858166244976,7.393488793146751]]],[[[93.54091180346286,8.028527771120494],[93.49839052020627,7.986391724754016],[93.56742380579928,7.931481067788211],[93.5418099417789,8.028283805869227],[93.54091180346286,8.028527771120494]]],[[[93.57374138859625,8.122273629528978],[93.58351442377854,8.0401042740972],[93.57398643912425,8.12173116343722],[93.57374138859625,8.122273629528978]]],[[[93.30870713907032,7.936519911467398],[93.35262926685907,7.960109421246351],[93.36426562533295,7.884501776444672],[93.46403283609595,7.893958417843584],[93.368814050738,8.023544473671729],[93.31833559220432,8.004334454802626],[93.30880231916795,7.936886136778652],[93.30870713907032,7.936519911467398]]],[[[93.50070571584868,8.019731439190673],[93.53961682628527,8.037651485407244],[93.48796093243396,8.14501415840738],[93.53580228673809,8.203325749761115],[93.51123658597437,8.235291202616157],[93.44492628624701,8.167687780393239],[93.47545499488358,8.053397120942098],[93.5251088790382,8.081731721644237],[93.47586155351654,8.046176813570291],[93.50081466622129,8.019437614037363],[93.50070571584868,8.019731439190673]]],[[[93.04402494199921,8.441518818033112],[93.03293196096598,8.472114724667216],[93.04293885097296,8.441309214544615],[93.04402494199921,8.441518818033112]]],[[[93.01931411929964,11.843523028600096],[93.07029555264576,11.835867097294779],[93.01959838488312,11.843330695668362],[93.01931411929964,11.843523028600096]]],[[[92.97036933199264,12.042455010910679],[92.92512446728739,11.995619195326155],[93.04357400030302,11.88462913243183],[92.97069546535654,12.042721566120283],[92.97036933199264,12.042455010910679]]],[[[93.00511964456086,12.10207772968959],[92.95700760540373,12.109330003385097],[92.99522962537237,12.041938976035713],[93.00503227621294,12.101905906651435],[93.00511964456086,12.10207772968959]]],[[[93.02568531804432,12.1427809837444],[93.00588975498258,12.079617524273853],[93.04387842408144,12.045972301603122],[93.02540038052106,12.14308374705106],[93.02568531804432,12.1427809837444]]],[[[93.07417239484946,12.083844240608894],[93.06702435730159,12.211736110230275],[93.03563005810837,12.132464313473236],[93.07404381359295,12.083780937935217],[93.07417239484946,12.083844240608894]]],[[[92.9910437555244,12.160526784728638],[92.96241521817406,12.113613077711875],[93.00267989570769,12.112242741007723],[92.99125483536169,12.160029517515374],[92.9910437555244,12.160526784728638]]],[[[92.90029982804134,12.255657432526663],[92.87827122386314,12.207928970940412],[92.90034341519723,12.255607721161217],[92.90029982804134,12.255657432526663]]],[[[92.9350978456427,12.301097859907763],[92.90065077017842,12.28842860544823],[92.92169743849594,12.229357251683862],[92.93515986353327,12.300718208993052],[92.9350978456427,12.301097859907763]]],[[[93.23032291868073,8.259047114216663],[93.22871912136968,8.22473414873504],[93.23044510213577,8.258780538116907],[93.23032291868073,8.259047114216663]]],[[[93.11796548054592,8.354633631833664],[93.07672363540918,8.274085146597352],[93.19046006565848,8.197300859808058],[93.11646731163759,8.276116361700648],[93.11818785040968,8.354321926055645],[93.11796548054592,8.354633631833664]]],[[[93.61078921347048,8.54074630802227],[93.60308512055838,8.578038504227726],[93.6122433173192,8.424082632181978],[93.6109027614207,8.540511226539156],[93.61078921347048,8.54074630802227]]],[[[93.10348463457267,12.240771051915301],[93.06202429580263,12.23041875238773],[93.10223400183075,12.245820464734546],[93.098931728371,12.204776713075304],[93.10287833553629,12.238754745889828],[93.10348463457267,12.240771051915301]]],[[[92.80209369161278,9.228764218027045],[92.77282135325785,9.25874199073134],[92.72028486608633,9.218559913363388],[92.72806216899916,9.126696342660818],[92.82633324284295,9.140114583801202],[92.80276254573228,9.228058928446574],[92.80209369161278,9.228764218027045]]],[[[92.8647211187625,12.196516493323363],[92.87197078361677,12.301891023955182],[92.77064551416379,12.313296875780898],[92.74151779917969,12.076453454579564],[92.85499233998095,12.158829884340298],[92.83271085106719,12.215126503472156],[92.86450514670022,12.196896152801362],[92.8647211187625,12.196516493323363]]],[[[92.76409993894772,11.965369966762802],[92.73521193760057,11.9522273760076],[92.76427442591188,11.96527960437782],[92.76409993894772,11.965369966762802]]],[[[92.46444521395489,10.535803375571755],[92.53105135944804,10.52042185785803],[92.59698614811528,10.681258673933542],[92.520252826402,10.897935948222939],[92.37590700982044,10.773871030735066],[92.4205397049989,10.615657885869975],[92.38242533913389,10.538485783915926],[92.46412561224142,10.53636400547608],[92.46444521395489,10.535803375571755]]],[[[92.68735201152622,11.243281373836796],[92.70443401743957,11.289878540409724],[92.68701314993307,11.242928748922603],[92.68735201152622,11.243281373836796]]],[[[92.61408846314058,11.451334333184077],[92.58837197827702,11.353488751190358],[92.68855855764893,11.370019601472714],[92.63533680144272,11.51725381468894],[92.61345150550184,11.452125329940227],[92.61408846314058,11.451334333184077]]],[[[92.59327899766879,11.565659661372507],[92.59436316091045,11.533267138693926],[92.5934348859133,11.565564721449274],[92.59327899766879,11.565659661372507]]],[[[92.21940570195555,11.595218583149448],[92.21148618225851,11.530166692093573],[92.2679511674575,11.523200956060643],[92.26803246858397,11.585791002684326],[92.21951575905258,11.595001651541837],[92.21940570195555,11.595218583149448]]],[[[92.54625054772984,11.601275585638886],[92.52885493186596,11.555162513470348],[92.54636065243758,11.600769322878211],[92.54625054772984,11.601275585638886]]],[[[92.75559507431663,12.02227117145906],[92.75636656994048,12.176949213753238],[92.70398277390942,12.137148876067595],[92.69291234867462,12.239189543462983],[92.6218163721875,12.101579996814941],[92.61384329403491,11.831064766536093],[92.56152769989683,11.946956443592018],[92.51439395572848,11.850232017931752],[92.5521509565021,11.849485041426062],[92.56043073925558,11.69475529860501],[92.59230124885566,11.735480986288248],[92.60734548673409,11.634311962355149],[92.64743359051718,11.645636513438033],[92.61645178692264,11.562646025425416],[92.63297773118352,11.59009435498496],[92.70992854221362,11.478231183764589],[92.75536778617669,11.664672795244671],[92.71822196857967,11.68206101079762],[92.67294654498508,11.606789806823409],[92.66099041321952,11.652232300390754],[92.75601906116442,11.707748441491304],[92.78360741319618,11.935109984708323],[92.74400662569178,11.930751511926434],[92.71428982249382,11.820559626321925],[92.69231708633981,11.901142063360005],[92.72011484644408,12.005090154378212],[92.76828300964523,11.996864016637362],[92.72687682311712,12.044956198631956],[92.75515393324014,12.023007726935871],[92.75559507431663,12.02227117145906]]],[[[92.73067530527858,12.23365924611055],[92.72223471420774,12.188510151327742],[92.76316826113226,12.183297757318455],[92.73002679979686,12.232299052291635],[92.73067530527858,12.23365924611055]]],[[[92.8598082181006,12.335207971157157],[92.89982510254964,12.32367610893087],[92.85999437328198,12.335352572147222],[92.8598082181006,12.335207971157157]]],[[[92.88795031323305,12.405450341886947],[92.84245145527112,12.401280937974509],[92.88767918281567,12.404639031556332],[92.88795031323305,12.405450341886947]]],[[[92.71530719689245,12.296222916188274],[92.7096917094738,12.229838179683131],[92.71558765002585,12.296430739708425],[92.71530719689245,12.296222916188274]]],[[[92.59727519902425,11.972643808983635],[92.5976802619623,11.928281556946795],[92.59748643516836,11.972512841745464],[92.59727519902425,11.972643808983635]]],[[[92.70891701494918,12.828911954547253],[92.71632314207143,12.719313256644227],[92.70922547665481,12.828749272625918],[92.70891701494918,12.828911954547253]]],[[[92.72842271053337,12.863976700384804],[92.70836073500614,12.833630293236652],[92.72839881624515,12.86377768097116],[92.72842271053337,12.863976700384804]]],[[[92.72094943973353,12.89634194141548],[92.69012225775897,12.99166600224975],[92.66711213723337,12.783153209899554],[92.72074213102383,12.896052743700372],[92.72094943973353,12.89634194141548]]],[[[92.83953860867355,12.403475528665863],[92.79890969573323,12.400932873338549],[92.82989771207626,12.428101710764395],[92.77161737811346,12.471263167534401],[92.89853425941897,12.417102020925881],[92.83544826387627,12.501387620171089],[92.9142033797821,12.406677958781906],[92.95724717710684,12.473206709539607],[92.90640045601906,12.47757702491411],[92.96266482675385,12.487908996568615],[92.97373701807645,12.54120601151579],[92.94106661261482,12.62648768047842],[92.97919734758091,12.709689351209102],[92.89660388767122,12.926942903834284],[92.87356948298857,12.881170798708839],[92.78985989867773,12.889509097233136],[92.78279118775934,12.76340606250514],[92.77248825615386,12.84264664661348],[92.72199589529284,12.826052509697542],[92.73181872319302,12.67499135422568],[92.77468411779732,12.681200337374182],[92.77613648250764,12.735577885194562],[92.7968027439467,12.67533236520414],[92.77869914155292,12.580203930589914],[92.77302914436282,12.670643984725084],[92.68375560538792,12.609188423285557],[92.70985116672493,12.310263350446485],[92.89871476419724,12.33391701503961],[92.82283129365848,12.374383996208055],[92.83937762248978,12.403170428989013],[92.83953860867355,12.403475528665863]]],[[[92.7193759120543,13.096217306211175],[92.69981352109758,13.071163118067222],[92.71918219215992,13.095860378466927],[92.7193759120543,13.096217306211175]]],[[[92.95478238502017,12.432524150703454],[92.92986152542738,12.358662134803124],[92.95474093046475,12.431785241983572],[92.95478238502017,12.432524150703454]]],[[[93.0027126348082,12.993143957943635],[92.95093489167512,12.980688932704204],[92.97810418052514,12.933115518679932],[93.00254661177064,12.99289991280518],[93.0027126348082,12.993143957943635]]],[[[92.92233988753598,13.535604769013334],[92.93168890442946,13.47202856418995],[92.87068901796204,13.472529438778372],[92.89860869562006,13.428803018630726],[92.86737933699445,13.418608444233667],[92.92373476545802,13.384785236391899],[92.84596544996522,13.411385732693427],[92.82244851163445,13.311206617191798],[92.86291141950352,13.184997383241528],[92.8305058005567,13.242735816980064],[92.849039574699,13.161305838550687],[92.80855433381366,13.153493085647685],[92.84702061828446,13.118351340423843],[92.79256705173648,13.09076649229792],[92.78927608626952,13.01556585377656],[92.83693971248799,13.023113352079209],[92.79333950855774,12.914156890451325],[92.84121580642812,12.877036335226174],[92.87514334843435,12.905897853284777],[92.84242260497744,12.956650605357066],[92.9367764384809,12.974841073267958],[92.89405744950503,13.011226461052093],[92.91232444377088,13.054847282232735],[92.84347889349586,13.05075504044893],[92.91193681174263,13.066929096378423],[92.87498927478671,13.13581408498288],[92.92178421934562,13.056997517388805],[92.94466134339507,13.122440521380264],[92.95377738581288,13.019188899792493],[93.00217382619913,13.028953496959657],[93.06442027334525,13.271321454157352],[92.9479903084969,13.319244269652717],[92.9496327719927,13.36183584451126],[93.03935518564033,13.351924253749267],[92.99894146502467,13.396043969118303],[93.0673974761481,13.397217825215579],[92.98867498525678,13.427547536478102],[93.03341090135298,13.435618256347839],[93.02675476059345,13.578678346582508],[92.98438138674501,13.527438390862862],[92.92259398409894,13.535717795424292],[92.92233988753598,13.535604769013334]]],[[[93.05736310128668,13.374870942082003],[93.06388083771208,13.30425556236926],[93.05805111197965,13.37405311339665],[93.05736310128668,13.374870942082003]]],[[[92.9026813480978,13.600183691994522],[92.88364122507086,13.574967927441785],[92.90281998689221,13.599889945781483],[92.9026813480978,13.600183691994522]]],[[[93.06391326060566,13.648862385048108],[93.0456406374962,13.62140666790149],[93.06381626950441,13.6486363955568],[93.06391326060566,13.648862385048108]]],[[[93.02112071308271,13.672365942727923],[92.97600114269832,13.653831388647],[93.02769590395705,13.628581121836342],[93.02125017738314,13.672225899292558],[93.02112071308271,13.672365942727923]]]]}},{"type":"Feature","properties":{"name":"Himāchal Pradesh"},"geometry":{"type":"Polygon","coordinates":[[[77.57602127409129,30.397443669214223],[77.8185114840953,30.508132312856205],[77.81784048839212,30.561088248817423],[77.74285839279936,30.59391295029039],[77.79624409693481,30.613711515600325],[77.79207474620664,30.660230995785724],[77.70376322295097,30.765226500188607],[77.75820980689427,30.87686603087348],[77.80566865855043,30.853282160918116],[77.81328497078793,30.921938086927373],[77.74899180209844,30.953549382953817],[77.83757947196402,30.95324194253167],[77.81134277810939,31.059172531660984],[77.90129763353173,31.151899295317527],[78.03032957212257,31.15104414984335],[78.37030690879833,31.28641760943166],[78.48374484594673,31.199020423309282],[78.60933667537724,31.229345446894673],[78.65800067627589,31.185124673066184],[78.80990966615263,31.19837198582515],[78.88543154861983,31.098809167380413],[79.00891512191004,31.110012428483547],[78.87596336840733,31.303194826715036],[78.79156028379882,31.304561371249182],[78.74964795140532,31.36616827111204],[78.79774491862864,31.44345263899139],[78.72242948787834,31.51297255006451],[78.8469346693271,31.60803793525571],[78.70528505893422,31.776027041748353],[78.78110859208059,31.99349382598887],[78.61278559521386,32.117587538640294],[78.60853917442422,32.21431699614675],[78.454847981821,32.242241709085924],[78.53476269070626,32.4143938804042],[78.45415153954077,32.4523670210234],[78.45454215577243,32.50138200737958],[78.39859088115179,32.52574167419204],[78.32643879760595,32.47201920562683],[78.29460136846622,32.50408688979611],[78.31284689659007,32.57371429430494],[78.40517148886732,32.61942185163824],[78.38789419280448,32.75675645547178],[78.2459396960008,32.67183264389332],[78.14265494219832,32.681816724878495],[78.01583755559874,32.6197566691326],[77.91851130731288,32.69067747074519],[77.92582259030746,32.77202501273695],[77.78093994141041,32.865586054012574],[77.81088053830183,32.90676633079024],[77.68248588253986,32.98871094497238],[77.3388359985223,32.81681141157428],[77.15714331509493,32.911690243830954],[77.14972556197627,32.97814603210874],[76.93296283311318,33.02848855368523],[76.81695676168782,33.15978071461334],[76.84339701648078,33.24654300749257],[76.79246149962214,33.25694812285687],[76.74690857026673,33.17921068170307],[76.41009236734646,33.186489241450715],[76.29180442687732,33.10318873931635],[76.27841568974452,33.03781456774453],[76.11230620551828,33.00632592169319],[75.95393750589182,32.87339814172873],[75.84234733051937,32.92931310249139],[75.80132993843955,32.88567090304389],[75.92460413779321,32.74831628222],[75.88932620782765,32.6532331753001],[75.93673059013662,32.647888813128645],[75.83329958611432,32.51333658998169],[75.93647378066142,32.39742020501809],[75.61786247506477,32.23670714717985],[75.67305892050496,32.158765597002755],[75.59482340543086,32.069865839063034],[75.9103671026728,31.95017612387864],[76.17978880399639,31.30659228180074],[76.32259412215512,31.32166181038415],[76.37514520694997,31.43700602526201],[76.46379847179762,31.30145889711924],[76.43967313147434,31.279040802343626],[76.47953005202243,31.308253582019024],[76.52376839757098,31.25819710983184],[76.58771752857463,31.274257866455002],[76.59319233712483,31.211694035812357],[76.64177368762746,31.22273518474582],[76.59998199089178,31.178514538590417],[76.62471386650836,30.998826576934192],[76.77673348031908,30.904286662733107],[76.91684865591726,30.900822486498132],[76.94261563957448,30.817485326685542],[77.01223446862927,30.809900537891657],[77.02052074530394,30.740055285001997],[77.1611965154535,30.69098490948868],[77.17230448308062,30.601312428737156],[77.12279910122228,30.56334323647314],[77.21072468397736,30.46477852843625],[77.35416376536568,30.45824795699018],[77.40471361032004,30.408649184558854],[77.45647038318113,30.45566810943984],[77.44323091550575,30.395401322066046],[77.52319335278035,30.443537501260156],[77.57621246163488,30.39706041997419],[77.57602127409129,30.397443669214223]]]}},{"type":"Feature","properties":{"name":"Jammu and Kashmīr"},"geometry":{"type":"Polygon","coordinates":[[[74.133484414022,35.10748800859642],[74.06550075953282,35.04802250136629],[74.10736941224388,35.018995199397466],[74.02949837961319,34.877137862337975],[73.74926615722603,34.78665564482708],[73.66664767833743,34.68416942696729],[73.6954326716675,34.65356773556488],[73.65006238508062,34.56778986270831],[73.4469765037233,34.57375042647675],[73.3900754439461,34.374199166582514],[73.47780577428091,34.29017050811865],[73.51570815121357,34.00009079879004],[73.58911646849708,33.883919431646746],[73.56058956833465,33.62106245944756],[73.63233140566325,33.53311609595431],[73.5577569538683,33.36805806603127],[73.6568957948868,33.207705155934946],[73.62710565951721,33.08954648927238],[73.73446586764283,33.066296960500324],[73.7856447731462,32.96538802991893],[73.82881753261319,33.00709546293939],[73.95749773136293,32.98660019325217],[73.98742880611229,32.93539311846956],[74.17736143650205,32.88266539559669],[74.36991527004233,32.758684604977304],[74.4596100326471,32.78857090006386],[74.51334718467126,32.74433671989817],[74.63504482453152,32.75031929341333],[74.64081663587768,32.81922329708448],[74.70460284662482,32.841830556849686],[74.65291813841236,32.69702885275592],[74.69513493231358,32.66059097732108],[74.63774828012458,32.613257548977856],[74.68803288491489,32.48604878839342],[74.87700028990491,32.49317354901791],[74.95208050937441,32.44622806821451],[75.02686557927257,32.49648507965941],[75.32690647563305,32.327945111954705],[75.48914421110317,32.34599461562208],[75.52561246810893,32.276216160336496],[75.55090869592969,32.34938649077648],[75.72249291324768,32.40545692021213],[75.93045573929948,32.63188592445522],[75.88932620782765,32.6532331753001],[75.92609837387721,32.74561971500924],[75.80132993843955,32.88567090304389],[75.84234733051937,32.92931310249139],[75.95393750589182,32.87339814172873],[76.11230620551828,33.00632592169319],[76.27841568974452,33.03781456774453],[76.29180442687732,33.10318873931635],[76.41009236734646,33.186489241450715],[76.74690857026673,33.17921068170307],[76.77926391769341,33.23912474907337],[76.62631325578627,33.436798888750445],[76.581567504036,33.42604534680498],[76.3571858308718,33.60455288396844],[76.24570421690134,33.54563146039493],[76.20545304463963,33.56780754255345],[76.28447828844293,33.66133193881592],[76.26542427746165,33.74647749401953],[76.03342615800011,33.91957066100014],[76.02455104600017,33.98061040800013],[75.83255281800012,33.95689589799997],[75.84356667000014,34.00372957400009],[75.66853572700018,34.14482594600008],[75.68718981900014,34.19741460800009],[75.39530355637544,34.29298436387256],[75.32860708200008,34.43735658000003],[75.36333544300015,34.53813084300003],[75.20752292800017,34.638905107000085],[75.26235653000009,34.72059117500015],[75.22005430400014,34.81131570100018],[75.07261743800012,34.90411099300013],[75.07098227900008,34.82834861100014],[74.91005534900017,34.77670482800005],[74.6649177130002,34.90193078000016],[74.57616138718748,34.89933463448614],[74.58728025821796,35.00956992126686],[74.4982884174413,35.10665193004428],[74.26867043034991,35.03503015374844],[74.13745426419683,35.10446434259177],[74.133484414022,35.10748800859642]]]}},{"type":"Feature","properties":{"name":"Punjab"},"geometry":{"type":"Polygon","coordinates":[[[74.5271597397686,29.94278637118108],[74.65417740396414,29.905572585584704],[74.70664205376072,29.976898752338027],[74.81243347910839,29.99233814346527],[74.92673643638322,29.950260273773832],[74.9909139056574,29.86768915953055],[75.0987497995737,29.912795739749416],[75.10071997297673,29.806793211967015],[75.15545610459735,29.77689781046594],[75.19145826622638,29.841250612788762],[75.24157831852128,29.7546497784537],[75.1675349740785,29.670186873143095],[75.23534206290194,29.54207982547574],[75.30944155115166,29.56084655351579],[75.29570653413795,29.625046794939905],[75.4595124127856,29.807529507443306],[75.58004272696854,29.73944592627115],[75.70641426621792,29.75320364651426],[75.72064366655663,29.813556626762463],[75.77879606066006,29.822371638987367],[75.8702238863487,29.74932559066957],[76.04344114383515,29.742726414685386],[76.09805519081542,29.81063850871431],[76.24379332422215,29.852441637341375],[76.1719478150215,29.926306537685],[76.25345729764075,30.088957396370375],[76.20763104687688,30.15658676054414],[76.32173648977358,30.09509782823206],[76.35046613789906,30.14687327269951],[76.4000365928183,30.11670846433935],[76.4227128580618,30.192281624407556],[76.46252443075602,30.10105758622548],[76.54622399974976,30.075873830323406],[76.54556988069585,30.1249228751962],[76.64223025457397,30.149677149237238],[76.61415852807099,30.204480459676073],[76.65608244693499,30.18524566003706],[76.59609418924165,30.25570521847093],[76.5480396503475,30.222488471258632],[76.5566530530245,30.26248142099205],[76.74606910990494,30.34958225709367],[76.71282197614943,30.390251602905163],[76.74102700096248,30.426266517005164],[76.84676643810974,30.43813016905284],[76.89750688400783,30.359348036962064],[76.93752819265964,30.38700805144371],[76.88640960004436,30.429673503211134],[76.9259879799723,30.610117774979916],[76.87642171749052,30.680557589007496],[76.77659479571058,30.670401333121585],[76.70515164372233,30.742971970106787],[76.77148161745271,30.795266600596648],[76.83774575724924,30.754488775571282],[76.8569634511567,30.79480192592862],[76.73716370176001,30.949607480718786],[76.62471386650836,30.998826576934192],[76.59998199089178,31.178514538590417],[76.64177368762746,31.22273518474582],[76.59319233712483,31.211694035812357],[76.58771752857463,31.274257866455002],[76.52376839757098,31.25819710983184],[76.47953005202243,31.308253582019024],[76.43967313147434,31.279040802343626],[76.46379847179762,31.30145889711924],[76.37395535871175,31.437225985405007],[76.32259412215512,31.32166181038415],[76.17978880399639,31.30659228180074],[75.9103671026728,31.95017612387864],[75.59482340543086,32.069865839063034],[75.67305892050496,32.158765597002755],[75.61786247506477,32.23670714717985],[75.9347380648526,32.393384884697014],[75.84162744490511,32.51122532094275],[75.72852439879631,32.45269366494316],[75.72249291324768,32.40545692021213],[75.55978194079422,32.35712889855709],[75.53342603870473,32.27765453330259],[75.48914421110317,32.34599461562208],[75.43037709535928,32.315898742738625],[75.34140744027533,32.346092764438154],[75.32100632288052,32.29736283850644],[75.38146525017207,32.268971331838074],[75.37249873143497,32.22603706838868],[75.26115332002794,32.10162563609747],[75.20255572625963,32.120152127844165],[75.17414866135601,32.067710879543],[75.01228087817093,32.035743744521],[74.87935144061645,32.053838106925845],[74.81894454374618,31.958661410801543],[74.60777452102613,31.889958203888362],[74.55936893399372,31.757878018553743],[74.488203805196,31.720371207301014],[74.61582170659639,31.569041432122187],[74.57528331778558,31.50090347329605],[74.63659784007959,31.48478753643996],[74.65458693871567,31.42591998837608],[74.55164759612308,31.364420353226325],[74.5102838522972,31.1320126179825],[74.57127104017978,31.081348025204612],[74.60323146125828,31.13373410557503],[74.68908628804462,31.128020129489595],[74.69570287149064,31.074315244416507],[74.56816342086232,31.05480695773357],[74.54637939020675,30.992428890317928],[74.41639074134676,30.940318313970305],[74.26088709255495,30.774458751172045],[74.28619876870367,30.735018647837734],[74.09592383976663,30.611405259024334],[74.07227887354153,30.522869507172743],[74.01188613861173,30.53362019122216],[73.9641342529166,30.456436442046712],[73.93458882851193,30.490149285372894],[73.92645444347704,30.438909897276307],[73.97375378038988,30.44389129880939],[73.87984832119756,30.359767068301867],[73.97417928718717,30.1887629895268],[73.89468376185788,29.973831442243775],[74.5164891492769,29.94377811136409],[74.5271597397686,29.94278637118108]]]}},{"type":"Feature","properties":{"name":"Haryāna"},"geometry":{"type":"Polygon","coordinates":[[[77.3454328208287,28.513265547953917],[77.17439688575281,28.40469199328046],[77.09468073778301,28.51381359847815],[77.00663455709932,28.54134537631232],[76.88392277677535,28.500748600912974],[76.83955903180303,28.582472679811623],[76.94372785630418,28.628238452078143],[76.95080437897228,28.81829587105762],[77.08239546599229,28.883807228409715],[77.15707893553348,28.836729114422557],[77.22808214210289,28.881227037056593],[77.13395977660038,29.096041158168543],[77.16114708655331,29.332403955419892],[77.12328113450879,29.37038784526473],[77.15739362436067,29.387355460115874],[77.09636351317718,29.519522791519556],[77.1268296173233,29.55947905338521],[77.08394810873945,29.587268356041776],[77.15654885495566,29.69261279253482],[77.11980291791582,29.760105476854218],[77.27776667318174,30.04186207072916],[77.42077189883052,30.101617126366367],[77.60433801069813,30.368549713873545],[77.52319335278035,30.443537501260156],[77.44323091550575,30.395401322066046],[77.45647038318113,30.45566810943984],[77.40471361032004,30.408649184558854],[77.35416376536568,30.45824795699018],[77.21072468397736,30.46477852843625],[77.12279910122228,30.56334323647314],[77.17230448308062,30.601312428737156],[77.16717552771145,30.683959706342794],[77.02052074530394,30.740055285001997],[77.01223446862927,30.809900537891657],[76.94261563957448,30.817485326685542],[76.91684865591726,30.900822486498132],[76.77606142729884,30.906026052304778],[76.8569634511567,30.79480192592862],[76.83151648513291,30.664800598462023],[76.87642171749052,30.680557589007496],[76.9259879799723,30.610117774979916],[76.88640960004436,30.429673503211134],[76.93671965141175,30.385800880230544],[76.89750688400783,30.359348036962064],[76.84676643810974,30.43813016905284],[76.74102700096248,30.426266517005164],[76.71282197614943,30.390251602905163],[76.74606910990494,30.34958225709367],[76.5566530530245,30.26248142099205],[76.5480396503475,30.222488471258632],[76.59609418924165,30.25570521847093],[76.65608244693499,30.18524566003706],[76.61415852807099,30.204480459676073],[76.64223025457397,30.149677149237238],[76.54556988069585,30.1249228751962],[76.54622399974976,30.075873830323406],[76.46252443075602,30.10105758622548],[76.4227128580618,30.192281624407556],[76.4000365928183,30.11670846433935],[76.35046613789906,30.14687327269951],[76.32173648977358,30.09509782823206],[76.20763104687688,30.15658676054414],[76.25345729764075,30.088957396370375],[76.1719478150215,29.926306537685],[76.24379332422215,29.852441637341375],[76.09805519081542,29.81063850871431],[76.04344114383515,29.742726414685386],[75.8702238863487,29.74932559066957],[75.77879606066006,29.822371638987367],[75.72064366655663,29.813556626762463],[75.70641426621792,29.75320364651426],[75.58004272696854,29.73944592627115],[75.4595124127856,29.807529507443306],[75.29570653413795,29.625046794939905],[75.30944155115166,29.56084655351579],[75.23534206290194,29.54207982547574],[75.1675349740785,29.670186873143095],[75.24157831852128,29.7546497784537],[75.19145826622638,29.841250612788762],[75.15545610459735,29.77689781046594],[75.10071997297673,29.806793211967015],[75.0987497995737,29.912795739749416],[74.9909139056574,29.86768915953055],[74.92673643638322,29.950260273773832],[74.81243347910839,29.99233814346527],[74.70664205376072,29.976898752338027],[74.65417740396414,29.905572585584704],[74.51882910608178,29.929945967750893],[74.56103623051722,29.869643852978417],[74.48444577147683,29.814269910857085],[74.47724789629534,29.74531176905002],[74.616092094107,29.752155861702988],[74.5749328535522,29.5643194595746],[74.6218572525301,29.522243971132674],[74.5346190588338,29.44770786497685],[74.59925183112487,29.327458506498367],[74.85051890754318,29.40360721227946],[75.07551157883117,29.229695063050187],[75.1879898421683,29.268268057835137],[75.23836710279029,29.23024434862051],[75.32293364754284,29.289478097834618],[75.34981741676128,29.223778989279985],[75.41049835728538,29.255689255213788],[75.37147440856765,29.13809775606301],[75.44570223732536,29.008301249467966],[75.52179861756959,29.003874862226763],[75.47336689674893,28.92338929698415],[75.56149396533407,28.613221116361956],[75.78827518864097,28.453560920786117],[75.77676252279181,28.40041585790184],[75.9182313795731,28.372002297985144],[76.09544126761179,28.15086053892688],[76.03179555247681,28.16785108904976],[75.93861861799674,28.087930254352294],[75.98661846206647,28.046480153080616],[76.04079173088962,28.07404602371675],[75.97272966515425,28.02362439345322],[75.97270865625468,27.932656994874435],[75.93239627099297,27.930129983767312],[75.98748351004069,27.904152993619352],[75.98702724492809,27.84166211151034],[76.2177083288695,27.81720858831027],[76.15777992233029,27.98897276794449],[76.2147388381034,28.026578187060625],[76.18040387148827,28.054515718988736],[76.34231064245498,28.030563232761388],[76.35560359133082,28.070722392170115],[76.30144015187352,28.09786257646583],[76.3598582514683,28.12491441801643],[76.29226174840869,28.17921600594131],[76.38072378888181,28.133405415277235],[76.47572146201739,28.148585994480744],[76.49916612639203,28.100240399870266],[76.44782557354475,28.088960153993927],[76.50152197978419,28.06006313954058],[76.45465509993393,28.0423239823817],[76.54380594251575,28.03422037355829],[76.54812381081155,27.963851840469783],[76.668139026519,28.01384028477728],[76.65724817989943,28.08931270446216],[76.84847308982584,28.22164716322025],[76.97053708601528,28.138448502856356],[76.9105697258304,27.654664578598712],[76.97908642803273,27.653612087612277],[77.00008835755415,27.736985518973427],[77.08565183284607,27.738106559223123],[77.0265671123436,27.779256289256143],[77.04478851171889,27.821833301642098],[77.13521031322256,27.775938080402],[77.20206435420826,27.82461152114662],[77.24172906133666,27.784395493095488],[77.42184823055956,27.854401121549852],[77.54500349656288,27.953589455022428],[77.47425340559613,28.087462508119792],[77.54963768502643,28.179790096399596],[77.49729090766988,28.206043728801756],[77.5504251841371,28.2423838474094],[77.49268732840133,28.252002028067608],[77.47762753978704,28.419069929391533],[77.3454344845086,28.513228913165616],[77.3454328208287,28.513265547953917]]]}}]}